layer_id,name,D,M,N,Q,alpha,alpha_weighted,entropy,has_esd,lambda_max,layer_type,log_alpha_norm,log_norm,log_spectral_norm,longname,matrix_rank,norm,num_evals,num_pl_spikes,rank_loss,rf,sigma,spectral_norm,stable_rank,status,sv_max,warning,weak_rank_loss,xmax,xmin
5,Embedding,0.018154712720665822,4096,32000,7.8125,2.884948317659293,8.48580501249003,-0.9796600021202417,True,874.0,LAYER_TYPE.EMBEDDING,8.702765276946945,4.73,2.941,_orig_mod.base_model.model.model.embed_tokens,0,53800.0,4096,372,4096,1,0.0977300176238034,874.0,61.56,success,29.5625,,0,874.0,31.546875
9,"Linear
  in_features=4096, out_features=4096, bias=False
  
    
  )
  
    
  )
  
    
  )
  
  
)",0.04967237837056082,4096,4096,1.0,2.7132629500921244,8.19278226727036,-0.7691014126571545,True,1048.0,LAYER_TYPE.DENSE,8.45442273882408,4.215,3.02,_orig_mod.base_model.model.model.layers.0.self_attn.q_proj,0,16400.0,4096,46,4096,1,0.25260684076929274,1048.0,15.65,success,32.375,,27,1048.0,94.125
18,"Linear
  in_features=4096, out_features=4096, bias=False
  
    
  )
  
    
  )
  
    
  )
  
  
)",0.06073603575273362,4096,4096,1.0,1.368530832640526,3.977292732361529,-0.7646812895959065,True,805.0,LAYER_TYPE.DENSE,4.995206098690997,4.215,2.906,_orig_mod.base_model.model.model.layers.0.self_attn.k_proj,0,16376.0,4096,1476,4096,1,0.009592474417568542,805.0,20.34,success,28.375,over-trained,33,805.0,0.050933837890625
27,"Linear
  in_features=4096, out_features=4096, bias=False
  
    
  )
  
    
  )
  
    
  )
  
  
)",0.02910498437905351,4096,4096,1.0,4.221139976530791,5.358869110830106,-0.9651941448288845,True,18.6,LAYER_TYPE.DENSE,5.684116984145552,3.486,1.27,_orig_mod.base_model.model.model.layers.0.self_attn.v_proj,0,3060.0,4096,181,4096,1,0.23942544887980718,18.6,164.6,success,4.3125,,7,18.59375,3.29296875
36,Linear,0.018392464982759482,4096,4096,1.0,3.7758203775266406,6.360634913313921,-0.9659978035672934,True,48.4,LAYER_TYPE.DENSE,6.371161433536957,3.37,1.685,_orig_mod.base_model.model.model.layers.0.self_attn.o_proj,0,2342.0,4096,125,4096,1,0.2482769222991479,48.4,48.38,success,6.95703125,,6,48.40625,2.5546875
39,Linear,0.03737406942551835,4096,11008,2.6875,2.789055082118492,5.845031451392855,-0.9563538987063885,True,124.6,LAYER_TYPE.DENSE,6.564437294638408,4.113,2.096,_orig_mod.base_model.model.model.layers.0.mlp.gate_proj,0,12970.0,4096,394,4096,1,0.09013129293777232,124.6,104.06,success,11.1640625,,0,124.625,8.828125
40,Linear,0.04274673755024118,4096,11008,2.6875,5.398155243265254,9.731440018620761,-0.9708197559977457,True,63.5,LAYER_TYPE.DENSE,10.177655232928627,4.086,1.803,_orig_mod.base_model.model.model.layers.0.mlp.up_proj,0,12190.0,4096,75,4096,1,0.5078552227273917,63.5,192.0,success,7.96875,,0,63.5,19.59375
41,Linear,0.029783226628475767,4096,11008,2.6875,4.772842273214703,11.018553841679257,-1.0077880579645473,True,203.2,LAYER_TYPE.DENSE,11.017727122497039,4.28,2.309,_orig_mod.base_model.model.model.layers.0.mlp.down_proj,0,19040.0,4096,445,4096,1,0.17884987627601484,203.2,93.7,success,14.2578125,,0,203.25,9.78125
47,"Linear
  in_features=4096, out_features=4096, bias=False
  
    
  )
  
    
  )
  
    
  )
  
  
)",0.03611740847019995,4096,4096,1.0,3.5996746369653536,9.540543910863251,-0.8671477787430195,True,447.5,LAYER_TYPE.DENSE,9.82418263467916,4.28,2.65,_orig_mod.base_model.model.model.layers.1.self_attn.q_proj,0,19020.0,4096,48,4096,1,0.3752307128643474,447.5,42.5,success,21.15625,,13,447.5,79.875
56,"Linear
  in_features=4096, out_features=4096, bias=False
  
    
  )
  
    
  )
  
    
  )
  
  
)",0.03967378081238804,4096,4096,1.0,3.643820640946381,10.49733485428889,-0.8623258263125672,True,760.5,LAYER_TYPE.DENSE,10.547383334951359,4.293,2.88,_orig_mod.base_model.model.model.layers.1.self_attn.k_proj,0,19660.0,4096,56,4096,1,0.3532953939465158,760.5,25.86,success,27.578125,,15,760.5,77.125
65,"Linear
  in_features=4096, out_features=4096, bias=False
  
    
  )
  
    
  )
  
    
  )
  
  
)",0.018998972853491947,4096,4096,1.0,4.387305205770766,5.047114777732386,-0.9692124385209282,True,14.13,LAYER_TYPE.DENSE,5.464700846353508,3.35,1.15,_orig_mod.base_model.model.model.layers.1.self_attn.v_proj,0,2238.0,4096,142,4096,1,0.28425633835441577,14.13,158.4,success,3.759765625,,6,14.1328125,2.634765625
74,Linear,0.02468869435419907,4096,4096,1.0,4.51316477458589,6.743302837027747,-0.9716234147361544,True,31.2,LAYER_TYPE.DENSE,6.7872090565908225,3.342,1.494,_orig_mod.base_model.model.model.layers.1.self_attn.o_proj,0,2200.0,4096,271,4096,1,0.21340956183504076,31.2,70.5,success,5.5859375,,7,31.203125,1.8642578125
77,Linear,0.015968029643741333,4096,11008,2.6875,2.7891496240799247,6.302824443477486,-0.9796600021202417,True,182.2,LAYER_TYPE.DENSE,6.971934059157067,4.32,2.26,_orig_mod.base_model.model.model.layers.1.mlp.gate_proj,0,20960.0,4096,650,4096,1,0.07023026596739512,182.2,115.0,success,13.5,,0,182.25,8.46875
78,Linear,0.05963023733836342,4096,11008,2.6875,5.445409235236082,8.295740631804968,-1.0013587880572774,True,33.34,LAYER_TYPE.DENSE,9.589224963251612,4.277,1.523,_orig_mod.base_model.model.model.layers.1.mlp.up_proj,0,18860.0,4096,136,4096,1,0.3811906971112151,33.34,565.5,success,5.7734375,,0,33.34375,16.53125
79,Linear,0.02699717895278031,4096,11008,2.6875,4.289753385523856,8.990049575521674,-1.0158246453486346,True,124.8,LAYER_TYPE.DENSE,9.017911089110349,4.3,2.096,_orig_mod.base_model.model.model.layers.1.mlp.down_proj,0,20020.0,4096,47,4096,1,0.47985984960960704,124.8,160.4,success,11.171875,,0,124.8125,15.8125
85,"Linear
  in_features=4096, out_features=4096, bias=False
  
    
  )
  
    
  )
  
    
  )
  
  
)",0.03056330631540627,4096,4096,1.0,2.6723461124337637,7.009689119137783,-0.907330715663456,True,420.2,LAYER_TYPE.DENSE,7.573991415408115,4.35,2.623,_orig_mod.base_model.model.model.layers.2.self_attn.q_proj,0,22540.0,4096,175,4096,1,0.12641748341501147,420.2,53.66,success,20.5,,7,420.25,29.359375
94,"Linear
  in_features=4096, out_features=4096, bias=False
  
    
  )
  
    
  )
  
    
  )
  
  
)",0.025013414150736324,4096,4096,1.0,3.069011338307785,8.757471807163427,-0.9057233981866386,True,713.0,LAYER_TYPE.DENSE,8.866391670679036,4.38,2.854,_orig_mod.base_model.model.model.layers.2.self_attn.k_proj,0,24030.0,4096,114,4096,1,0.19378066634607236,713.0,33.72,success,26.703125,,10,713.0,43.625
103,"Linear
  in_features=4096, out_features=4096, bias=False
  
    
  )
  
    
  )
  
    
  )
  
  
)",0.022362389962124363,4096,4096,1.0,4.455157571393208,4.459508311209022,-0.9796600021202417,True,10.02,LAYER_TYPE.DENSE,5.52909884048652,3.514,1.001,_orig_mod.base_model.model.model.layers.2.self_attn.v_proj,0,3262.0,4096,179,4096,1,0.2582506019846836,10.02,325.5,success,3.166015625,,5,10.0234375,3.201171875
112,Linear,0.017881207343042216,4096,4096,1.0,4.678302996899259,8.44744359498704,-0.9828746370738767,True,63.94,LAYER_TYPE.DENSE,8.448192090736367,3.521,1.806,_orig_mod.base_model.model.model.layers.2.self_attn.o_proj,0,3330.0,4096,305,4096,1,0.21061901691262253,63.94,52.1,success,7.99609375,,4,63.9375,2.4140625
115,Linear,0.012056473537332746,4096,11008,2.6875,2.8851148991933933,6.761988044984515,-0.9925185419347814,True,221.0,LAYER_TYPE.DENSE,7.138405500220599,4.367,2.344,_orig_mod.base_model.model.model.layers.2.mlp.gate_proj,0,23360.0,4096,721,4096,1,0.07020534753629512,221.0,105.7,success,14.8671875,,0,221.0,8.5859375
116,Linear,0.06137932523988887,4096,11008,2.6875,3.962229591412455,6.7133479893560635,-1.0085917167029559,True,49.5,LAYER_TYPE.DENSE,7.537796836815638,4.29,1.694,_orig_mod.base_model.model.model.layers.2.mlp.up_proj,0,19410.0,4096,501,4096,1,0.13234265807435946,49.5,392.0,success,7.03515625,,0,49.5,9.5859375
117,Linear,0.017701180388706383,4096,11008,2.6875,4.905553049282545,8.852990268627094,-1.0182356215638608,True,63.75,LAYER_TYPE.DENSE,9.010121855245359,4.3,1.805,_orig_mod.base_model.model.model.layers.2.mlp.down_proj,0,20030.0,4096,494,4096,1,0.17571913905860784,63.75,314.2,success,7.984375,,0,63.75,8.9453125
123,"Linear
  in_features=4096, out_features=4096, bias=False
  
    
  )
  
    
  )
  
    
  )
  
  
)",0.02689390597366803,4096,4096,1.0,2.5608472134573717,6.6822106976153295,-0.9274221841236743,True,407.5,LAYER_TYPE.DENSE,6.909884353989087,4.176,2.61,_orig_mod.base_model.model.model.layers.3.self_attn.q_proj,0,15020.0,4096,306,4096,1,0.08922769624385558,407.5,36.88,success,20.1875,,5,407.5,11.5390625
132,"Linear
  in_features=4096, out_features=4096, bias=False
  
    
  )
  
    
  )
  
    
  )
  
  
)",0.028006720359209814,4096,4096,1.0,3.4356923241769683,9.13947840923639,-0.9330477952925353,True,456.2,LAYER_TYPE.DENSE,9.169367113600646,4.223,2.66,_orig_mod.base_model.model.model.layers.3.self_attn.k_proj,0,16740.0,4096,72,4096,1,0.2870490932182595,456.2,36.7,success,21.359375,,6,456.25,33.375
141,"Linear
  in_features=4096, out_features=4096, bias=False
  
    
  )
  
    
  )
  
    
  )
  
  
)",0.04790112566160598,4096,4096,1.0,4.343158644884841,5.026018549012243,-0.9852856132891028,True,14.375,LAYER_TYPE.DENSE,5.898972104888868,3.662,1.157,_orig_mod.base_model.model.model.layers.3.self_attn.v_proj,0,4600.0,4096,208,4096,1,0.23180634454121157,14.375,320.0,success,3.791015625,,3,14.375,3.98828125
150,Linear,0.028907445699695167,4096,4096,1.0,3.870527070802487,6.731844446385966,-0.9828746370738767,True,54.84,LAYER_TYPE.DENSE,6.755891471523548,3.662,1.739,_orig_mod.base_model.model.model.layers.3.self_attn.o_proj,0,4584.0,4096,297,4096,1,0.16656487461422415,54.84,83.56,success,7.40625,,3,54.84375,3.353515625
153,Linear,0.01111530199298194,4096,11008,2.6875,3.609496121608857,7.818224997781684,-1.0069843992261385,True,146.5,LAYER_TYPE.DENSE,8.111810658095063,4.38,2.166,_orig_mod.base_model.model.model.layers.3.mlp.gate_proj,0,23860.0,4096,563,4096,1,0.10997714931954779,146.5,162.9,success,12.1015625,,0,146.5,10.2734375
154,Linear,0.028745529979020468,4096,11008,2.6875,8.325952667503,12.38322843028034,-1.0166283040870432,True,30.72,LAYER_TYPE.DENSE,12.8224110987021,4.305,1.487,_orig_mod.base_model.model.model.layers.3.mlp.up_proj,0,20140.0,4096,57,4096,1,0.9703461354434693,30.72,656.0,success,5.54296875,under-trained,0,30.71875,15.90625
155,Linear,0.0294759715899518,4096,11008,2.6875,4.490711442581198,7.828046801765076,-1.0134136691334084,True,55.38,LAYER_TYPE.DENSE,8.37033992040045,4.305,1.743,_orig_mod.base_model.model.model.layers.3.mlp.down_proj,0,20210.0,4096,244,4096,1,0.22346990092707747,55.38,365.0,success,7.44140625,,0,55.375,12.046875
161,"Linear
  in_features=4096, out_features=4096, bias=False
  
    
  )
  
    
  )
  
    
  )
  
  
)",0.03737420699001204,4096,4096,1.0,3.129276714796849,8.030995318834101,-0.937066088984579,True,368.2,LAYER_TYPE.DENSE,8.126466101819018,4.19,2.566,_orig_mod.base_model.model.model.layers.4.self_attn.q_proj,0,15610.0,4096,104,4096,1,0.20879275997284372,368.2,42.38,success,19.1875,,4,368.25,25.78125
170,"Linear
  in_features=4096, out_features=4096, bias=False
  
    
  )
  
    
  )
  
    
  )
  
  
)",0.038681889705823314,4096,4096,1.0,2.771068326690984,7.290291086040538,-0.9418880414150315,True,427.2,LAYER_TYPE.DENSE,7.395487085304887,4.207,2.63,_orig_mod.base_model.model.model.layers.4.self_attn.k_proj,0,16104.0,4096,325,4096,1,0.09824119483437771,427.2,37.7,success,20.671875,,5,427.25,12.4140625
179,"Linear
  in_features=4096, out_features=4096, bias=False
  
    
  )
  
    
  )
  
    
  )
  
  
)",0.05696033087554664,4096,4096,1.0,4.017056235331642,4.468190480510489,-0.9836782958122854,True,12.96,LAYER_TYPE.DENSE,5.63852231005686,3.662,1.112,_orig_mod.base_model.model.model.layers.4.self_attn.v_proj,0,4584.0,4096,271,4096,1,0.18327311427904733,12.96,353.8,success,3.599609375,,4,12.9609375,3.65625
188,Linear,0.03171538798838547,4096,4096,1.0,4.16149755416438,7.087550521936209,-0.9828746370738767,True,50.5,LAYER_TYPE.DENSE,7.106021724273434,3.662,1.703,_orig_mod.base_model.model.model.layers.4.self_attn.o_proj,0,4596.0,4096,204,4096,1,0.22134910303998226,50.5,91.0,success,7.10546875,,5,50.5,3.9296875
191,Linear,0.011708730999203554,4096,11008,2.6875,3.547109436137493,8.098771349306112,-1.0077880579645473,True,191.9,LAYER_TYPE.DENSE,8.241463834230327,4.387,2.283,_orig_mod.base_model.model.model.layers.4.mlp.gate_proj,0,24450.0,4096,656,4096,1,0.09944791564588963,191.9,127.44,success,13.8515625,,0,191.875,9.6953125
192,Linear,0.032652559448536955,4096,11008,2.6875,8.951153291829973,13.610298511112566,-1.017431962825452,True,33.16,LAYER_TYPE.DENSE,13.845073401453078,4.31,1.5205,_orig_mod.base_model.model.model.layers.4.mlp.up_proj,0,20300.0,4096,23,4096,1,1.657930069723908,33.16,612.5,success,5.7578125,under-trained,0,33.15625,18.765625
193,Linear,0.03378114472932481,4096,11008,2.6875,6.507607579704262,11.67429211319993,-1.0126100103949995,True,62.25,LAYER_TYPE.DENSE,11.747917623490425,4.3,1.794,_orig_mod.base_model.model.model.layers.4.mlp.down_proj,0,20050.0,4096,39,4096,1,0.8819230336209477,62.25,322.0,success,7.890625,under-trained,0,62.25,20.75
199,"Linear
  in_features=4096, out_features=4096, bias=False
  
    
  )
  
    
  )
  
    
  )
  
  
)",0.0352902273101372,4096,4096,1.0,3.906372404990313,9.582819805991862,-0.9467099938454838,True,284.2,LAYER_TYPE.DENSE,9.616930022261288,4.15,2.453,_orig_mod.base_model.model.model.layers.5.self_attn.q_proj,0,14120.0,4096,51,4096,1,0.4069735395476524,284.2,49.7,success,16.859375,,5,284.25,32.84375
208,"Linear
  in_features=4096, out_features=4096, bias=False
  
    
  )
  
    
  )
  
    
  )
  
  
)",0.02223673381777594,4096,4096,1.0,3.659600986886499,9.34198923800909,-0.9515319462759362,True,356.8,LAYER_TYPE.DENSE,9.355945101756141,4.16,2.553,_orig_mod.base_model.model.model.layers.5.self_attn.k_proj,0,14440.0,4096,76,4096,1,0.3050771561047182,356.8,40.47,success,18.890625,,5,356.75,24.421875
217,"Linear
  in_features=4096, out_features=4096, bias=False
  
    
  )
  
    
  )
  
    
  )
  
  
)",0.04151897282146738,4096,4096,1.0,4.23454127771836,4.830023644897505,-0.9852856132891028,True,13.81,LAYER_TYPE.DENSE,5.885829850094484,3.676,1.141,_orig_mod.base_model.model.model.layers.5.self_attn.v_proj,0,4748.0,4096,243,4096,1,0.20749591971062795,13.81,343.8,success,3.716796875,,3,13.8125,3.87890625
226,Linear,0.0379606207434684,4096,4096,1.0,3.778190893435914,6.8405917152638525,-0.9804636608586504,True,64.6,LAYER_TYPE.DENSE,6.860197000608586,3.674,1.811,_orig_mod.base_model.model.model.layers.5.self_attn.o_proj,0,4730.0,4096,264,4096,1,0.17098582964911557,64.6,73.2,success,8.0390625,,3,64.625,3.693359375
229,Linear,0.020293343891061966,4096,11008,2.6875,3.383667925634432,8.089081134719814,-1.0045734230109122,True,245.6,LAYER_TYPE.DENSE,8.223745668329041,4.406,2.39,_orig_mod.base_model.model.model.layers.5.mlp.gate_proj,0,25490.0,4096,799,4096,1,0.08432810926457511,245.6,103.75,success,15.671875,,0,245.625,9.0390625
230,Linear,0.021615188889056558,4096,11008,2.6875,5.646258761005052,8.601722331218633,-1.017431962825452,True,33.38,LAYER_TYPE.DENSE,9.349676836080866,4.305,1.523,_orig_mod.base_model.model.model.layers.5.mlp.up_proj,0,20130.0,4096,253,4096,1,0.2921077855794184,33.38,603.0,success,5.77734375,,0,33.375,11.1953125
231,Linear,0.03474421573680753,4096,11008,2.6875,6.8418036788311,11.99988223357486,-1.0110026929181821,True,56.78,LAYER_TYPE.DENSE,12.126443274564418,4.293,1.754,_orig_mod.base_model.model.model.layers.5.mlp.down_proj,0,19700.0,4096,36,4096,1,0.9736339464718501,56.78,347.0,success,7.53515625,under-trained,0,56.78125,21.46875
237,"Linear
  in_features=4096, out_features=4096, bias=False
  
    
  )
  
    
  )
  
    
  )
  
  
)",0.03776213625611613,4096,4096,1.0,2.8072141043025702,6.8096873389527195,-0.9507282875375275,True,266.0,LAYER_TYPE.DENSE,7.020649320084977,4.16,2.426,_orig_mod.base_model.model.model.layers.6.self_attn.q_proj,0,14430.0,4096,327,4096,1,0.09993916832919267,266.0,54.25,success,16.3125,,4,266.0,10.8203125
246,"Linear
  in_features=4096, out_features=4096, bias=False
  
    
  )
  
    
  )
  
    
  )
  
  
)",0.029854069218568147,4096,4096,1.0,3.369927143874958,8.595946972462295,-0.9531392637527536,True,355.0,LAYER_TYPE.DENSE,8.62803917804757,4.18,2.55,_orig_mod.base_model.model.model.layers.6.self_attn.k_proj,0,15170.0,4096,104,4096,1,0.23239047600791587,355.0,42.72,success,18.84375,,4,355.0,21.5
255,"Linear
  in_features=4096, out_features=4096, bias=False
  
    
  )
  
    
  )
  
    
  )
  
  
)",0.05546887770733311,4096,4096,1.0,4.23943602121912,4.707264410279433,-0.9836782958122854,True,12.89,LAYER_TYPE.DENSE,5.909586490853667,3.684,1.11,_orig_mod.base_model.model.model.layers.6.self_attn.v_proj,0,4824.0,4096,219,4096,1,0.218900800447147,12.89,374.2,success,3.58984375,,3,12.890625,4.20703125
264,Linear,0.03733048622514823,4096,4096,1.0,4.801984332388175,8.042385869185273,-0.9820709783354679,True,47.25,LAYER_TYPE.DENSE,8.051636027840878,3.684,1.675,_orig_mod.base_model.model.model.layers.6.self_attn.o_proj,0,4828.0,4096,55,4096,1,0.5126594627967017,47.25,102.2,success,6.875,,3,47.25,6.59765625
267,Linear,0.01093060900805154,4096,11008,2.6875,3.4160792197722363,7.973075522710591,-1.0061807404877299,True,216.0,LAYER_TYPE.DENSE,8.109499666916648,4.395,2.334,_orig_mod.base_model.model.model.layers.6.mlp.gate_proj,0,24780.0,4096,665,4096,1,0.09369153351800372,216.0,114.75,success,14.6953125,,0,216.0,9.65625
268,Linear,0.03315263052853762,4096,11008,2.6875,5.108624133411526,8.136880821869335,-1.0166283040870432,True,39.12,LAYER_TYPE.DENSE,8.825840133179652,4.312,1.593,_orig_mod.base_model.model.model.layers.6.mlp.up_proj,0,20620.0,4096,315,4096,1,0.23149474449553437,39.12,527.0,success,6.25390625,,0,39.125,10.984375
269,Linear,0.053042971578306064,4096,11008,2.6875,3.8624332139123885,6.653644716153763,-1.0085917167029559,True,52.84,LAYER_TYPE.DENSE,7.602171119302842,4.3,1.723,_orig_mod.base_model.model.model.layers.6.mlp.down_proj,0,20060.0,4096,367,4096,1,0.1494177975103051,52.84,379.8,success,7.26953125,,0,52.84375,11.0390625
275,"Linear
  in_features=4096, out_features=4096, bias=False
  
    
  )
  
    
  )
  
    
  )
  
  
)",0.038674053849823586,4096,4096,1.0,2.5081998004415573,6.035355769812497,-0.9434953588918489,True,255.0,LAYER_TYPE.DENSE,6.408870905365921,4.145,2.406,_orig_mod.base_model.model.model.layers.7.self_attn.q_proj,0,13950.0,4096,424,4096,1,0.07324465718894659,255.0,54.72,success,15.96875,,2,255.0,8.3359375
284,"Linear
  in_features=4096, out_features=4096, bias=False
  
    
  )
  
    
  )
  
    
  )
  
  
)",0.0347837171449481,4096,4096,1.0,2.7747957675981714,7.002023694798511,-0.9475136525838925,True,333.8,LAYER_TYPE.DENSE,7.127127056621817,4.152,2.523,_orig_mod.base_model.model.model.layers.7.self_attn.k_proj,0,14220.0,4096,283,4096,1,0.10550065758816349,333.8,42.62,success,18.265625,,4,333.75,11.5625
293,"Linear
  in_features=4096, out_features=4096, bias=False
  
    
  )
  
    
  )
  
    
  )
  
  
)",0.05264308127840894,4096,4096,1.0,4.468876087689836,5.280605533305372,-0.9804636608586504,True,15.18,LAYER_TYPE.DENSE,6.37253498994347,3.709,1.182,_orig_mod.base_model.model.model.layers.7.self_attn.v_proj,0,5124.0,4096,139,4096,1,0.2942262296010087,15.18,337.5,success,3.896484375,,3,15.1796875,5.46484375
302,Linear,0.030631549841557693,4096,4096,1.0,4.82899500059687,7.389682779233687,-0.9812673195970592,True,33.9,LAYER_TYPE.DENSE,7.452603083999809,3.701,1.53,_orig_mod.base_model.model.model.layers.7.self_attn.o_proj,0,5036.0,4096,107,4096,1,0.3701629183450416,33.9,148.5,success,5.82421875,,2,33.90625,5.734375
305,Linear,0.006849748389391008,4096,11008,2.6875,3.395808405296199,7.925763758454996,-1.005377081749321,True,215.5,LAYER_TYPE.DENSE,8.062748364397176,4.387,2.334,_orig_mod.base_model.model.model.layers.7.mlp.gate_proj,0,24320.0,4096,540,4096,1,0.10309917838239921,215.5,112.9,success,14.6796875,,0,215.5,10.5
306,Linear,0.03139448599526029,4096,11008,2.6875,4.790115517860999,7.872816813046934,-1.0150209866102258,True,44.03,LAYER_TYPE.DENSE,8.576501192949538,4.32,1.644,_orig_mod.base_model.model.model.layers.7.mlp.up_proj,0,20820.0,4096,297,4096,1,0.2199248083835195,44.03,472.8,success,6.63671875,,0,44.03125,11.4296875
307,Linear,0.04926059036474162,4096,11008,2.6875,6.320675682283959,11.005629630383105,-1.0085917167029559,True,55.16,LAYER_TYPE.DENSE,11.370028167376159,4.305,1.741,_orig_mod.base_model.model.model.layers.7.mlp.down_proj,0,20200.0,4096,31,4096,1,0.955621562903127,55.16,366.0,success,7.42578125,under-trained,0,55.15625,25.28125
313,"Linear
  in_features=4096, out_features=4096, bias=False
  
    
  )
  
    
  )
  
    
  )
  
  
)",0.03445048162166603,4096,4096,1.0,2.567100443908287,6.016641665410048,-0.9426917001534402,True,220.8,LAYER_TYPE.DENSE,6.438785822222773,4.133,2.344,_orig_mod.base_model.model.model.layers.8.self_attn.q_proj,0,13520.0,4096,408,4096,1,0.0775830327066723,220.8,61.25,success,14.859375,,3,220.75,8.5859375
322,"Linear
  in_features=4096, out_features=4096, bias=False
  
    
  )
  
    
  )
  
    
  )
  
  
)",0.03363247457068608,4096,4096,1.0,2.9385225171347393,7.191345144472321,-0.9507282875375275,True,280.0,LAYER_TYPE.DENSE,7.307066955538084,4.133,2.447,_orig_mod.base_model.model.model.layers.8.self_attn.k_proj,0,13544.0,4096,304,4096,1,0.1111818914732687,280.0,48.38,success,16.734375,,4,280.0,11.0078125
331,"Linear
  in_features=4096, out_features=4096, bias=False
  
    
  )
  
    
  )
  
    
  )
  
  
)",0.04945714163335124,4096,4096,1.0,3.308215845660332,4.096501652634083,-0.9764453671666068,True,17.31,LAYER_TYPE.DENSE,5.4116016926332415,3.701,1.238,_orig_mod.base_model.model.model.layers.8.self_attn.v_proj,0,5020.0,4096,364,4096,1,0.1209833835443493,17.31,290.0,success,4.16015625,,4,17.3125,3.501953125
340,Linear,0.04293636585702815,4096,4096,1.0,3.7845838674196637,5.7323140413749005,-0.9772490259050155,True,32.72,LAYER_TYPE.DENSE,6.048209883819304,3.7,1.515,_orig_mod.base_model.model.model.layers.8.self_attn.o_proj,0,4990.0,4096,220,4096,1,0.18773660604317,32.72,152.6,success,5.71875,,4,32.71875,4.4921875
343,Linear,0.008396649926243338,4096,11008,2.6875,3.2396433136573326,7.776409438446995,-1.0013587880572774,True,251.0,LAYER_TYPE.DENSE,7.91058525365669,4.387,2.4,_orig_mod.base_model.model.model.layers.8.mlp.gate_proj,0,24350.0,4096,549,4096,1,0.09558564734775239,251.0,97.0,success,15.84375,,0,251.0,10.4140625
344,Linear,0.028210529754366775,4096,11008,2.6875,4.565746110072556,7.619980568470702,-1.0142173278718172,True,46.62,LAYER_TYPE.DENSE,8.390393158898318,4.32,1.669,_orig_mod.base_model.model.model.layers.8.mlp.up_proj,0,20940.0,4096,299,4096,1,0.20621242190554961,46.62,449.2,success,6.828125,,0,46.625,11.5625
345,Linear,0.041343500401030686,4096,11008,2.6875,3.7865496365885285,6.877912425834632,-1.0085917167029559,True,65.5,LAYER_TYPE.DENSE,7.591388572527308,4.305,1.816,_orig_mod.base_model.model.model.layers.8.mlp.down_proj,0,20200.0,4096,400,4096,1,0.13932748182942642,65.5,308.2,success,8.09375,,0,65.5,10.5625
351,"Linear
  in_features=4096, out_features=4096, bias=False
  
    
  )
  
    
  )
  
    
  )
  
  
)",0.03375826696764361,4096,4096,1.0,4.159593735450664,9.708426784889733,-0.9434953588918489,True,215.5,LAYER_TYPE.DENSE,9.757473723561242,4.1,2.334,_orig_mod.base_model.model.model.layers.9.self_attn.q_proj,0,12664.0,4096,39,4096,1,0.5059399116318337,215.5,58.78,success,14.6796875,,4,215.5,34.09375
360,"Linear
  in_features=4096, out_features=4096, bias=False
  
    
  )
  
    
  )
  
    
  )
  
  
)",0.037054923922403726,4096,4096,1.0,3.555104484648235,8.755833506135595,-0.9475136525838925,True,290.5,LAYER_TYPE.DENSE,8.788246957682988,4.11,2.463,_orig_mod.base_model.model.model.layers.9.self_attn.k_proj,0,12856.0,4096,78,4096,1,0.2893086127807059,290.5,44.25,success,17.046875,,2,290.5,22.890625
369,"Linear
  in_features=4096, out_features=4096, bias=False
  
    
  )
  
    
  )
  
    
  )
  
  
)",0.04867910530276276,4096,4096,1.0,2.946188538500053,3.840978221579659,-0.9692124385209282,True,20.11,LAYER_TYPE.DENSE,5.208102456705123,3.695,1.304,_orig_mod.base_model.model.model.layers.9.self_attn.v_proj,0,4950.0,4096,408,4096,1,0.0963506899782596,20.11,246.2,success,4.484375,,4,20.109375,3.20703125
378,Linear,0.0541989457742601,4096,4096,1.0,3.562689045803177,5.431013281737069,-0.9724270734745631,True,33.44,LAYER_TYPE.DENSE,5.8281349925453485,3.691,1.524,_orig_mod.base_model.model.model.layers.9.self_attn.o_proj,0,4920.0,4096,248,4096,1,0.16273091713950025,33.44,147.1,success,5.78125,,3,33.4375,4.3203125
381,Linear,0.017831459755725254,4096,11008,2.6875,3.3274650279214977,7.831240934854306,-1.0021624467956862,True,226.0,LAYER_TYPE.DENSE,7.962345480898358,4.375,2.354,_orig_mod.base_model.model.model.layers.9.mlp.gate_proj,0,23650.0,4096,416,4096,1,0.11411336148631243,226.0,104.6,success,15.03125,,0,226.0,11.75
382,Linear,0.02981275713421,4096,11008,2.6875,4.5279393453132,7.870832065095211,-1.0134136691334084,True,54.7,LAYER_TYPE.DENSE,8.478350021498814,4.33,1.738,_orig_mod.base_model.model.model.layers.9.mlp.up_proj,0,21200.0,4096,227,4096,1,0.23415755853951142,54.7,387.8,success,7.39453125,,0,54.6875,12.96875
383,Linear,0.03838767989796421,4096,11008,2.6875,3.496568488546808,6.4365542977643875,-1.0069843992261385,True,69.4,LAYER_TYPE.DENSE,7.274419210677646,4.312,1.841,_orig_mod.base_model.model.model.layers.9.mlp.down_proj,0,20460.0,4096,494,4096,1,0.11232592666712941,69.4,295.0,success,8.328125,,0,69.375,9.671875
389,"Linear
  in_features=4096, out_features=4096, bias=False
  
    
  )
  
    
  )
  
    
  )
  
  
)",0.028239878507496374,4096,4096,1.0,3.011360340089113,6.963770786456074,-0.9499246287991188,True,205.2,LAYER_TYPE.DENSE,7.185121651539364,4.105,2.312,_orig_mod.base_model.model.model.layers.10.self_attn.q_proj,0,12700.0,4096,237,4096,1,0.1306518938790844,205.2,61.9,success,14.328125,,3,205.25,12.140625
398,"Linear
  in_features=4096, out_features=4096, bias=False
  
    
  )
  
    
  )
  
    
  )
  
  
)",0.025746159335784058,4096,4096,1.0,2.8429492827854146,6.97966259465091,-0.94912097006071,True,284.8,LAYER_TYPE.DENSE,7.115239272303654,4.113,2.455,_orig_mod.base_model.model.model.layers.10.self_attn.k_proj,0,12984.0,4096,313,4096,1,0.10416965240496008,284.8,45.6,success,16.875,,2,284.75,10.0078125
407,"Linear
  in_features=4096, out_features=4096, bias=False
  
    
  )
  
    
  )
  
    
  )
  
  
)",0.05514013180736632,4096,4096,1.0,3.228725801057611,4.152570195305541,-0.9708197559977457,True,19.31,LAYER_TYPE.DENSE,5.511697097037402,3.727,1.286,_orig_mod.base_model.model.model.layers.10.self_attn.v_proj,0,5320.0,4096,325,4096,1,0.12362746391788879,19.31,275.5,success,4.39453125,,3,19.3125,4.0859375
416,Linear,0.03948152180802267,4096,4096,1.0,3.914837271699975,5.7843249922676385,-0.9764453671666068,True,30.03,LAYER_TYPE.DENSE,6.199819386347384,3.729,1.478,_orig_mod.base_model.model.model.layers.10.self_attn.o_proj,0,5344.0,4096,216,4096,1,0.1983295555253109,30.03,178.0,success,5.48046875,,3,30.03125,4.9296875
419,Linear,0.018092661295243784,4096,11008,2.6875,3.4533439049606063,8.046561091050787,-1.0037697642725036,True,214.1,LAYER_TYPE.DENSE,8.153276765591025,4.367,2.33,_orig_mod.base_model.model.model.layers.10.mlp.gate_proj,0,23310.0,4096,371,4096,1,0.1273712691499601,214.1,108.9,success,14.6328125,,0,214.125,12.3046875
420,Linear,0.03662563906625771,4096,11008,2.6875,4.503321036420986,7.845629618139687,-1.0134136691334084,True,55.25,LAYER_TYPE.DENSE,8.451040867465782,4.336,1.742,_orig_mod.base_model.model.model.layers.10.mlp.up_proj,0,21740.0,4096,297,4096,1,0.2032833046934837,55.25,393.5,success,7.43359375,,0,55.25,12.28125
421,Linear,0.03651702170473414,4096,11008,2.6875,3.36267536495558,6.012752532454753,-1.0061807404877299,True,61.4,LAYER_TYPE.DENSE,7.119884920519039,4.32,1.788,_orig_mod.base_model.model.model.layers.10.mlp.down_proj,0,20860.0,4096,546,4096,1,0.10111317128297909,61.4,339.8,success,7.8359375,,0,61.40625,9.3203125
427,"Linear
  in_features=4096, out_features=4096, bias=False
  
    
  )
  
    
  )
  
    
  )
  
  
)",0.042860978490950385,4096,4096,1.0,4.10424774998303,9.811717277303181,-0.9434953588918489,True,246.4,LAYER_TYPE.DENSE,9.861697926140078,4.13,2.39,_orig_mod.base_model.model.model.layers.11.self_attn.q_proj,0,13464.0,4096,21,4096,1,0.6774023947711233,246.4,54.66,success,15.6953125,,3,246.375,46.46875
436,"Linear
  in_features=4096, out_features=4096, bias=False
  
    
  )
  
    
  )
  
    
  )
  
  
)",0.027506494313742025,4096,4096,1.0,2.814900991046578,7.191192375564304,-0.9451026763686663,True,359.2,LAYER_TYPE.DENSE,7.30028619145729,4.14,2.555,_orig_mod.base_model.model.model.layers.11.self_attn.k_proj,0,13880.0,4096,281,4096,1,0.1082679161293682,359.2,38.62,success,18.953125,,4,359.25,11.3359375
445,"Linear
  in_features=4096, out_features=4096, bias=False
  
    
  )
  
    
  )
  
    
  )
  
  
)",0.07200598523240564,4096,4096,1.0,7.564799497335686,9.153111891795815,-0.9772490259050155,True,16.22,LAYER_TYPE.DENSE,9.9827437142248,3.77,1.21,_orig_mod.base_model.model.model.layers.11.self_attn.v_proj,0,5890.0,4096,42,4096,1,1.0129705542683534,16.22,363.0,success,4.02734375,under-trained,3,16.21875,10.046875
454,Linear,0.07640774009749274,4096,4096,1.0,10.205176968210528,13.414226757042355,-0.9764453671666068,True,20.61,LAYER_TYPE.DENSE,13.473833450677999,3.768,1.314,_orig_mod.base_model.model.model.layers.11.self_attn.o_proj,0,5868.0,4096,12,4096,1,2.657305700267246,20.61,284.8,success,4.5390625,under-trained,4,20.609375,12.0078125
457,Linear,0.01729335510521368,4096,11008,2.6875,3.4385574139708233,8.173289790629868,-1.0013587880572774,True,238.1,LAYER_TYPE.DENSE,8.267791675151544,4.363,2.377,_orig_mod.base_model.model.model.layers.11.mlp.gate_proj,0,23180.0,4096,241,4096,1,0.15708129170681798,238.1,97.4,success,15.4296875,,0,238.125,14.8359375
458,Linear,0.026422138054093658,4096,11008,2.6875,4.177957242531317,7.66638833859018,-1.011806351656591,True,68.44,LAYER_TYPE.DENSE,8.184674469975555,4.344,1.835,_orig_mod.base_model.model.model.layers.11.mlp.up_proj,0,22020.0,4096,348,4096,1,0.17035638974481893,68.44,321.8,success,8.2734375,,0,68.4375,11.765625
459,Linear,0.03706198626164697,4096,11008,2.6875,3.9367650552139217,6.943161806363616,-1.0101990341797735,True,57.97,LAYER_TYPE.DENSE,7.794872386383518,4.324,1.764,_orig_mod.base_model.model.model.layers.11.mlp.down_proj,0,21140.0,4096,323,4096,1,0.16340597877513585,57.97,364.5,success,7.61328125,,0,57.96875,11.8046875
465,"Linear
  in_features=4096, out_features=4096, bias=False
  
    
  )
  
    
  )
  
    
  )
  
  
)",0.03998515864958657,4096,4096,1.0,2.750965821097539,6.345489520930066,-0.9410843826766226,True,202.4,LAYER_TYPE.DENSE,6.7119849335119,4.09,2.307,_orig_mod.base_model.model.model.layers.12.self_attn.q_proj,0,12270.0,4096,221,4096,1,0.1177827071069729,202.4,60.62,success,14.2265625,,3,202.375,12.1953125
474,"Linear
  in_features=4096, out_features=4096, bias=False
  
    
  )
  
    
  )
  
    
  )
  
  
)",0.025156465148503115,4096,4096,1.0,2.700265755373062,6.666281083577246,-0.9394770651998052,True,293.8,LAYER_TYPE.DENSE,6.877338824572957,4.1,2.469,_orig_mod.base_model.model.model.layers.12.self_attn.k_proj,0,12650.0,4096,232,4096,1,0.11162791562578919,293.8,43.06,success,17.140625,,3,293.75,11.484375
483,"Linear
  in_features=4096, out_features=4096, bias=False
  
    
  )
  
    
  )
  
    
  )
  
  
)",0.06345669756067251,4096,4096,1.0,3.965527185121546,4.7826426500245205,-0.9780526846434242,True,16.06,LAYER_TYPE.DENSE,6.103162369342204,3.74,1.206,_orig_mod.base_model.model.model.layers.12.self_attn.v_proj,0,5500.0,4096,193,4096,1,0.21346331771239285,16.06,342.5,success,4.0078125,,4,16.0625,5.39453125
492,Linear,0.0491276728351655,4096,4096,1.0,3.9184372510138545,5.5944875595529835,-0.9748380496897894,True,26.75,LAYER_TYPE.DENSE,6.245773920521085,3.752,1.428,_orig_mod.base_model.model.model.layers.12.self_attn.o_proj,0,5660.0,4096,193,4096,1,0.2100737100851494,26.75,211.6,success,5.171875,,4,26.75,5.5859375
495,Linear,0.011580591734660972,4096,11008,2.6875,3.488823256048409,8.538077226227845,-1.0013587880572774,True,279.5,LAYER_TYPE.DENSE,8.589101117632364,4.37,2.447,_orig_mod.base_model.model.model.layers.12.mlp.gate_proj,0,23440.0,4096,267,4096,1,0.15231350971884988,279.5,83.9,success,16.71875,,0,279.5,14.2421875
496,Linear,0.029581715391120034,4096,11008,2.6875,4.480614611849256,8.077357981907936,-1.0126100103949995,True,63.5,LAYER_TYPE.DENSE,8.550861078763896,4.348,1.803,_orig_mod.base_model.model.model.layers.12.mlp.up_proj,0,22300.0,4096,313,4096,1,0.19673596970827695,63.5,351.2,success,7.96875,,0,63.5,12.4453125
497,Linear,0.031508136290732236,4096,11008,2.6875,3.81783635968573,6.733410610930106,-1.0110026929181821,True,58.03,LAYER_TYPE.DENSE,7.611138319105576,4.33,1.764,_orig_mod.base_model.model.model.layers.12.mlp.down_proj,0,21250.0,4096,472,4096,1,0.12970143150588467,58.03,366.2,success,7.6171875,,0,58.03125,10.1015625
503,"Linear
  in_features=4096, out_features=4096, bias=False
  
    
  )
  
    
  )
  
    
  )
  
  
)",0.03334534149899654,4096,4096,1.0,2.8964855844371886,6.664179723568376,-0.94912097006071,True,200.1,LAYER_TYPE.DENSE,6.894448655548515,4.066,2.3,_orig_mod.base_model.model.model.layers.13.self_attn.q_proj,0,11690.0,4096,216,4096,1,0.12903949962264039,200.1,58.4,success,14.1484375,,3,200.125,11.4140625
512,"Linear
  in_features=4096, out_features=4096, bias=False
  
    
  )
  
    
  )
  
    
  )
  
  
)",0.019238199996018057,4096,4096,1.0,2.8563328278372513,6.9623112678533,-0.9483173113223012,True,274.2,LAYER_TYPE.DENSE,7.100158755355561,4.082,2.438,_orig_mod.base_model.model.model.layers.13.self_attn.k_proj,0,12056.0,4096,231,4096,1,0.12213773304849805,274.2,43.97,success,16.5625,,3,274.25,10.8671875
521,"Linear
  in_features=4096, out_features=4096, bias=False
  
    
  )
  
    
  )
  
    
  )
  
  
)",0.06719308786751715,4096,4096,1.0,6.972491835679498,8.470488128501264,-0.9820709783354679,True,16.4,LAYER_TYPE.DENSE,9.085237466738622,3.78,1.215,_orig_mod.base_model.model.model.layers.13.self_attn.v_proj,0,6012.0,4096,54,4096,1,0.8127531939085113,16.4,366.5,success,4.05078125,under-trained,3,16.40625,8.515625
530,Linear,0.05706782629586693,4096,4096,1.0,4.560851915578719,6.511685059156335,-0.9756417084281981,True,26.75,LAYER_TYPE.DENSE,7.024507664515575,3.785,1.428,_orig_mod.base_model.model.model.layers.13.self_attn.o_proj,0,6084.0,4096,118,4096,1,0.3278029891576392,26.75,227.5,success,5.171875,,4,26.75,7.37109375
533,Linear,0.009362269939022616,4096,11008,2.6875,3.554769546581211,8.484235128754374,-1.0029661055340948,True,244.1,LAYER_TYPE.DENSE,8.545071504362143,4.367,2.387,_orig_mod.base_model.model.model.layers.13.mlp.gate_proj,0,23250.0,4096,326,4096,1,0.1414955985369638,244.1,95.25,success,15.625,,0,244.125,12.875
534,Linear,0.029677346071805055,4096,11008,2.6875,4.590427574901852,8.481532198939751,-1.0126100103949995,True,70.4,LAYER_TYPE.DENSE,8.811356430367152,4.355,1.848,_orig_mod.base_model.model.model.layers.13.mlp.up_proj,0,22740.0,4096,258,4096,1,0.22353025713558156,70.4,323.0,success,8.390625,,0,70.375,13.3984375
535,Linear,0.02280572513566942,4096,11008,2.6875,3.846552493249375,6.712684868590462,-1.0110026929181821,True,55.56,LAYER_TYPE.DENSE,7.689137755603547,4.336,1.745,_orig_mod.base_model.model.model.layers.13.mlp.down_proj,0,21650.0,4096,446,4096,1,0.13478816711002287,55.56,389.5,success,7.453125,,0,55.5625,10.4140625
541,"Linear
  in_features=4096, out_features=4096, bias=False
  
    
  )
  
    
  )
  
    
  )
  
  
)",0.05319128996224104,4096,4096,1.0,2.7109794721355374,6.311499083565548,-0.94912097006071,True,213.0,LAYER_TYPE.DENSE,6.568443584033425,4.074,2.328,_orig_mod.base_model.model.model.layers.14.self_attn.q_proj,0,11850.0,4096,324,4096,1,0.09505441511864096,213.0,55.62,success,14.59375,,2,213.0,8.9453125
550,"Linear
  in_features=4096, out_features=4096, bias=False
  
    
  )
  
    
  )
  
    
  )
  
  
)",0.028398645112448384,4096,4096,1.0,2.9788389758011764,7.354008721509154,-0.9499246287991188,True,293.8,LAYER_TYPE.DENSE,7.432189056350543,4.082,2.469,_orig_mod.base_model.model.model.layers.14.self_attn.k_proj,0,12030.0,4096,170,4096,1,0.1517700213006091,293.8,40.97,success,17.140625,,4,293.75,13.0859375
559,"Linear
  in_features=4096, out_features=4096, bias=False
  
    
  )
  
    
  )
  
    
  )
  
  
)",0.042422326582947256,4096,4096,1.0,6.818144480255239,7.916771276390117,-0.9860892720275115,True,14.48,LAYER_TYPE.DENSE,8.623738284873943,3.785,1.161,_orig_mod.base_model.model.model.layers.14.self_attn.v_proj,0,6092.0,4096,75,4096,1,0.6718214563718995,14.48,420.8,success,3.8046875,under-trained,4,14.4765625,7.203125
568,Linear,0.04498860654415504,4096,4096,1.0,4.139343297307628,5.917967370369499,-0.9764453671666068,True,26.9,LAYER_TYPE.DENSE,6.546419735785769,3.785,1.43,_orig_mod.base_model.model.model.layers.14.self_attn.o_proj,0,6104.0,4096,160,4096,1,0.24818687941688122,26.9,226.9,success,5.1875,,2,26.90625,6.4375
571,Linear,0.013355178434239667,4096,11008,2.6875,3.673700834715161,8.610236331363659,-1.0045734230109122,True,220.6,LAYER_TYPE.DENSE,8.664220949215373,4.363,2.344,_orig_mod.base_model.model.model.layers.14.mlp.gate_proj,0,23180.0,4096,307,4096,1,0.15259616665149697,220.6,105.06,success,14.8515625,,0,220.625,13.2265625
572,Linear,0.03092773746540478,4096,11008,2.6875,4.994946772450099,9.131387068385337,-1.0134136691334084,True,67.3,LAYER_TYPE.DENSE,9.374758612493698,4.36,1.828,_orig_mod.base_model.model.model.layers.14.mlp.up_proj,0,22900.0,4096,213,4096,1,0.2737292424844745,67.3,340.2,success,8.203125,,0,67.3125,14.2421875
573,Linear,0.012123972680602169,4096,11008,2.6875,3.744445256319002,6.428451914657036,-1.0110026929181821,True,52.06,LAYER_TYPE.DENSE,7.613606095875465,4.34,1.717,_orig_mod.base_model.model.model.layers.14.mlp.down_proj,0,21860.0,4096,483,4096,1,0.12487658308906331,52.06,419.8,success,7.21484375,,0,52.0625,10.0390625
579,"Linear
  in_features=4096, out_features=4096, bias=False
  
    
  )
  
    
  )
  
    
  )
  
  
)",0.03807734412555225,4096,4096,1.0,2.660743475427395,6.189346639128959,-0.9499246287991188,True,211.9,LAYER_TYPE.DENSE,6.470020875380097,4.074,2.326,_orig_mod.base_model.model.model.layers.15.self_attn.q_proj,0,11860.0,4096,386,4096,1,0.08452961726373195,211.9,55.97,success,14.5546875,,4,211.875,7.703125
588,"Linear
  in_features=4096, out_features=4096, bias=False
  
    
  )
  
    
  )
  
    
  )
  
  
)",0.01357392607657193,4096,4096,1.0,2.6933913795693334,6.654570498350013,-0.9451026763686663,True,296.0,LAYER_TYPE.DENSE,6.837370714948509,4.09,2.47,_orig_mod.base_model.model.model.layers.15.self_attn.k_proj,0,12260.0,4096,350,4096,1,0.09051557662949873,296.0,41.4,success,17.203125,,3,296.0,8.1796875
597,"Linear
  in_features=4096, out_features=4096, bias=False
  
    
  )
  
    
  )
  
    
  )
  
  
)",0.062105179366052726,4096,4096,1.0,8.89093543248389,9.628952533813118,-0.9885002482427377,True,12.12,LAYER_TYPE.DENSE,10.273109435880771,3.787,1.083,_orig_mod.base_model.model.model.layers.15.self_attn.v_proj,0,6132.0,4096,48,4096,1,1.1389584240256325,12.12,506.0,success,3.48046875,under-trained,3,12.1171875,7.4453125
606,Linear,0.03942705515234446,4096,4096,1.0,5.826529761386925,8.574785498447358,-0.987696589504329,True,29.66,LAYER_TYPE.DENSE,8.607314004354958,3.79,1.472,_orig_mod.base_model.model.model.layers.15.self_attn.o_proj,0,6140.0,4096,145,4096,1,0.4008214800627342,29.66,207.0,success,5.4453125,,3,29.65625,5.8671875
609,Linear,0.009701938314455483,4096,11008,2.6875,3.7377927511936444,8.650946113602478,-1.0061807404877299,True,206.6,LAYER_TYPE.DENSE,8.711293856365662,4.367,2.314,_orig_mod.base_model.model.model.layers.15.mlp.gate_proj,0,23200.0,4096,339,4096,1,0.14869649106726826,206.6,112.25,success,14.375,,0,206.625,12.609375
610,Linear,0.026100985608258243,4096,11008,2.6875,4.822922514806084,9.01001051838285,-1.0134136691334084,True,73.9,LAYER_TYPE.DENSE,9.216528082518378,4.36,1.868,_orig_mod.base_model.model.model.layers.15.mlp.up_proj,0,22930.0,4096,276,4096,1,0.2301128941128623,73.9,310.2,success,8.59375,,0,73.875,13.0859375
611,Linear,0.013976376382703215,4096,11008,2.6875,4.029339730122487,6.787706088341104,-1.0126100103949995,True,48.34,LAYER_TYPE.DENSE,7.907154511229196,4.34,1.685,_orig_mod.base_model.model.model.layers.15.mlp.down_proj,0,21890.0,4096,385,4096,1,0.15438944853673403,48.34,452.8,success,6.953125,,0,48.34375,10.9609375
617,"Linear
  in_features=4096, out_features=4096, bias=False
  
    
  )
  
    
  )
  
    
  )
  
  
)",0.02844771987439071,4096,4096,1.0,2.9038376845172755,6.890942942750956,-0.9563538987063885,True,235.6,LAYER_TYPE.DENSE,7.009887779241979,4.062,2.373,_orig_mod.base_model.model.model.layers.16.self_attn.q_proj,0,11520.0,4096,284,4096,1,0.11297198220816791,235.6,48.9,success,15.3515625,,2,235.625,9.0859375
626,"Linear
  in_features=4096, out_features=4096, bias=False
  
    
  )
  
    
  )
  
    
  )
  
  
)",0.012198953657461709,4096,4096,1.0,2.9194479869501095,7.338534295321858,-0.9539429224911624,True,326.2,LAYER_TYPE.DENSE,7.407322922112028,4.086,2.514,_orig_mod.base_model.model.model.layers.16.self_attn.k_proj,0,12140.0,4096,325,4096,1,0.10663599927500608,326.2,37.22,success,18.0625,,2,326.25,8.5390625
635,"Linear
  in_features=4096, out_features=4096, bias=False
  
    
  )
  
    
  )
  
    
  )
  
  
)",0.05563287094447661,4096,4096,1.0,6.576327836973071,7.880033453091756,-0.9885002482427377,True,15.8,LAYER_TYPE.DENSE,8.507857640980703,3.842,1.198,_orig_mod.base_model.model.model.layers.16.self_attn.v_proj,0,6940.0,4096,119,4096,1,0.5111811347089791,15.8,439.2,success,3.974609375,under-trained,2,15.796875,6.9609375
644,Linear,0.02522967056986747,4096,4096,1.0,6.194289129873265,9.98103228934657,-0.9860892720275115,True,40.84,LAYER_TYPE.DENSE,9.98685085101401,3.838,1.611,_orig_mod.base_model.model.model.layers.16.self_attn.o_proj,0,6900.0,4096,85,4096,1,0.5633997594929383,40.84,168.9,success,6.390625,under-trained,4,40.84375,7.5078125
647,Linear,0.009382459754123995,4096,11008,2.6875,3.69831996466094,8.732946947802883,-1.0061807404877299,True,230.0,LAYER_TYPE.DENSE,8.779980167713452,4.37,2.361,_orig_mod.base_model.model.model.layers.16.mlp.gate_proj,0,23550.0,4096,451,4096,1,0.1270589247495412,230.0,102.4,success,15.1640625,,0,230.0,11.2890625
648,Linear,0.011237663710044699,4096,11008,2.6875,4.941374016926828,9.322983008498664,-1.0142173278718172,True,77.1,LAYER_TYPE.DENSE,9.478132990222306,4.36,1.887,_orig_mod.base_model.model.model.layers.16.mlp.up_proj,0,22780.0,4096,258,4096,1,0.24537922826510075,77.1,295.5,success,8.78125,,0,77.125,13.03125
649,Linear,0.012417390267089212,4096,11008,2.6875,4.700554909882362,7.904644096501394,-1.0150209866102258,True,48.03,LAYER_TYPE.DENSE,8.683341984837956,4.34,1.682,_orig_mod.base_model.model.model.layers.16.mlp.down_proj,0,21820.0,4096,276,4096,1,0.22274722985845993,48.03,454.2,success,6.9296875,,0,48.03125,12.0078125
655,"Linear
  in_features=4096, out_features=4096, bias=False
  
    
  )
  
    
  )
  
    
  )
  
  
)",0.03616956120001091,4096,4096,1.0,2.828237751326097,6.601062720380246,-0.9563538987063885,True,215.5,LAYER_TYPE.DENSE,6.745079191510578,4.043,2.334,_orig_mod.base_model.model.model.layers.17.self_attn.q_proj,0,11030.0,4096,327,4096,1,0.10110177866616135,215.5,51.2,success,14.6796875,,3,215.5,7.9765625
664,"Linear
  in_features=4096, out_features=4096, bias=False
  
    
  )
  
    
  )
  
    
  )
  
  
)",0.015411818811107425,4096,4096,1.0,2.8456103404903033,7.019542695389166,-0.9531392637527536,True,292.8,LAYER_TYPE.DENSE,7.109833322140754,4.06,2.467,_orig_mod.base_model.model.model.layers.17.self_attn.k_proj,0,11490.0,4096,323,4096,1,0.10269250636509007,292.8,39.25,success,17.109375,,3,292.75,8.1015625
673,"Linear
  in_features=4096, out_features=4096, bias=False
  
    
  )
  
    
  )
  
    
  )
  
  
)",0.04392170010400698,4096,4096,1.0,13.747240991352832,15.70729683582306,-0.9893039069811465,True,13.89,LAYER_TYPE.DENSE,15.769416925522599,3.848,1.143,_orig_mod.base_model.model.model.layers.17.self_attn.v_proj,0,7030.0,4096,35,4096,1,2.1546769919783197,13.89,506.2,success,3.7265625,under-trained,3,13.890625,8.34375
682,Linear,0.025518491594248682,4096,4096,1.0,7.2502091842741185,10.967357447695909,-0.9901075657195552,True,32.56,LAYER_TYPE.DENSE,10.97177376732253,3.85,1.513,_orig_mod.base_model.model.model.layers.17.self_attn.o_proj,0,7070.0,4096,95,4096,1,0.6412579319069056,32.56,217.1,success,5.70703125,under-trained,2,32.5625,7.078125
685,Linear,0.010831210457588836,4096,11008,2.6875,3.7399457210141187,8.823934435517687,-1.0069843992261385,True,228.8,LAYER_TYPE.DENSE,8.866101242261905,4.375,2.36,_orig_mod.base_model.model.model.layers.17.mlp.gate_proj,0,23650.0,4096,434,4096,1,0.13152160336732666,228.8,103.4,success,15.125,,0,228.75,11.484375
686,Linear,0.011128983534141518,4096,11008,2.6875,5.055777340433387,9.30184034118799,-1.0150209866102258,True,69.1,LAYER_TYPE.DENSE,9.51211786664707,4.36,1.84,_orig_mod.base_model.model.model.layers.17.mlp.up_proj,0,22930.0,4096,233,4096,1,0.26570280789861006,69.1,331.8,success,8.3125,,0,69.125,13.5
687,Linear,0.008791292696990527,4096,11008,2.6875,5.136722693038133,8.512713291099328,-1.0166283040870432,True,45.4,LAYER_TYPE.DENSE,9.208732448749007,4.344,1.657,_orig_mod.base_model.model.model.layers.17.mlp.down_proj,0,22050.0,4096,309,4096,1,0.2353299318521882,45.4,485.5,success,6.73828125,,0,45.40625,11.578125
693,"Linear
  in_features=4096, out_features=4096, bias=False
  
    
  )
  
    
  )
  
    
  )
  
  
)",0.036138825362758475,4096,4096,1.0,2.5960834453219706,6.125134378806524,-0.9507282875375275,True,228.8,LAYER_TYPE.DENSE,6.33558421904373,4.035,2.36,_orig_mod.base_model.model.model.layers.18.self_attn.q_proj,0,10800.0,4096,455,4096,1,0.07482554603481664,228.8,47.22,success,15.125,,3,228.75,6.06640625
702,"Linear
  in_features=4096, out_features=4096, bias=False
  
    
  )
  
    
  )
  
    
  )
  
  
)",0.015548293676997504,4096,4096,1.0,2.752674111398467,6.801040529138791,-0.9499246287991188,True,296.0,LAYER_TYPE.DENSE,6.909849825329932,4.043,2.47,_orig_mod.base_model.model.model.layers.18.self_attn.k_proj,0,11064.0,4096,353,4096,1,0.09328543028569657,296.0,37.38,success,17.203125,,3,296.0,7.265625
711,"Linear
  in_features=4096, out_features=4096, bias=False
  
    
  )
  
    
  )
  
    
  )
  
  
)",0.05037059824845602,4096,4096,1.0,9.62290410075425,10.431077687341032,-0.9917148831963727,True,12.125,LAYER_TYPE.DENSE,11.077569445739897,3.846,1.084,_orig_mod.base_model.model.model.layers.18.self_attn.v_proj,0,7000.0,4096,60,4096,1,1.113212132605495,12.125,577.5,success,3.482421875,under-trained,2,12.125,7.5
720,Linear,0.03361306965267821,4096,4096,1.0,7.212425330950153,10.614379857169805,-0.9949295181500076,True,29.61,LAYER_TYPE.DENSE,10.616950083923937,3.848,1.472,_orig_mod.base_model.model.model.layers.18.self_attn.o_proj,0,7028.0,4096,167,4096,1,0.48073190514728026,29.61,237.4,success,5.44140625,under-trained,3,29.609375,5.7421875
723,Linear,0.009928440177791487,4096,11008,2.6875,3.768058213007302,8.765151038460345,-1.0069843992261385,True,211.6,LAYER_TYPE.DENSE,8.815922767495161,4.38,2.326,_orig_mod.base_model.model.model.layers.18.mlp.gate_proj,0,24030.0,4096,451,4096,1,0.13034277061098581,211.6,113.56,success,14.546875,,0,211.625,11.5234375
724,Linear,0.013481229851391885,4096,11008,2.6875,5.422238778243315,9.827807785566009,-1.0150209866102258,True,65.0,LAYER_TYPE.DENSE,10.021074270264556,4.355,1.8125,_orig_mod.base_model.model.model.layers.18.mlp.up_proj,0,22770.0,4096,116,4096,1,0.41059456271278255,65.0,350.2,success,8.0625,,0,65.0,16.03125
725,Linear,0.016545495150471545,4096,11008,2.6875,5.2927166527236365,8.859097990984681,-1.017431962825452,True,47.22,LAYER_TYPE.DENSE,9.443493744869535,4.344,1.674,_orig_mod.base_model.model.model.layers.18.mlp.down_proj,0,22020.0,4096,357,4096,1,0.22719465771579256,47.22,466.2,success,6.87109375,,0,47.21875,11.0390625
731,"Linear
  in_features=4096, out_features=4096, bias=False
  
    
  )
  
    
  )
  
    
  )
  
  
)",0.017086158260171486,4096,4096,1.0,2.757560961971975,6.538435562175738,-0.9539429224911624,True,235.2,LAYER_TYPE.DENSE,6.679257936913208,4.016,2.371,_orig_mod.base_model.model.model.layers.19.self_attn.q_proj,0,10400.0,4096,455,4096,1,0.082395728778768,235.2,44.22,success,15.3359375,,3,235.25,5.875
740,"Linear
  in_features=4096, out_features=4096, bias=False
  
    
  )
  
    
  )
  
    
  )
  
  
)",0.02048866376892,4096,4096,1.0,2.907507304380821,7.177908657690152,-0.9547465812295711,True,294.2,LAYER_TYPE.DENSE,7.241639654937916,4.027,2.469,_orig_mod.base_model.model.model.layers.19.self_attn.k_proj,0,10664.0,4096,441,4096,1,0.09083368116099147,294.2,36.25,success,17.15625,,3,294.25,6.2109375
749,"Linear
  in_features=4096, out_features=4096, bias=False
  
    
  )
  
    
  )
  
    
  )
  
  
)",0.03299645406765539,4096,4096,1.0,9.759096421896576,12.246522365368262,-0.9917148831963727,True,18.0,LAYER_TYPE.DENSE,12.356148634828996,3.887,1.255,_orig_mod.base_model.model.model.layers.19.self_attn.v_proj,0,7692.0,4096,52,4096,1,1.2146681259954333,18.0,427.2,success,4.2421875,under-trained,2,18.0,8.6484375
758,Linear,0.04231937065589575,4096,4096,1.0,7.367359396669022,11.000676286627865,-0.9957331768884163,True,31.16,LAYER_TYPE.DENSE,11.010486104019316,3.883,1.493,_orig_mod.base_model.model.model.layers.19.self_attn.o_proj,0,7630.0,4096,170,4096,1,0.4883541728653455,31.16,245.0,success,5.58203125,under-trained,2,31.15625,6.14453125
761,Linear,0.00950178923923295,4096,11008,2.6875,3.7978238346048916,8.767632368169886,-1.0077880579645473,True,203.2,LAYER_TYPE.DENSE,8.820271101340584,4.387,2.309,_orig_mod.base_model.model.model.layers.19.mlp.gate_proj,0,24320.0,4096,410,4096,1,0.13817467038254488,203.2,119.6,success,14.2578125,,0,203.25,12.0859375
762,Linear,0.014243624799099353,4096,11008,2.6875,5.515144284525661,9.586871900835622,-1.0150209866102258,True,54.7,LAYER_TYPE.DENSE,9.93788700937076,4.355,1.738,_orig_mod.base_model.model.model.layers.19.mlp.up_proj,0,22660.0,4096,129,4096,1,0.39753628775015787,54.7,414.2,success,7.39453125,,0,54.6875,15.546875
763,Linear,0.02554956102104744,4096,11008,2.6875,5.862084994809614,9.772049888808604,-1.0190392803022694,True,46.47,LAYER_TYPE.DENSE,10.20991463102987,4.344,1.667,_orig_mod.base_model.model.model.layers.19.mlp.down_proj,0,22080.0,4096,340,4096,1,0.263683580969317,46.47,475.2,success,6.81640625,,0,46.46875,11.1171875
769,"Linear
  in_features=4096, out_features=4096, bias=False
  
    
  )
  
    
  )
  
    
  )
  
  
)",0.01871851414041681,4096,4096,1.0,3.0953611864392374,7.38171095437951,-0.9651941448288845,True,242.0,LAYER_TYPE.DENSE,7.419999722467591,4.027,2.385,_orig_mod.base_model.model.model.layers.20.self_attn.q_proj,0,10660.0,4096,404,4096,1,0.10437737532859538,242.0,44.03,success,15.5546875,,2,242.0,6.73828125
778,"Linear
  in_features=4096, out_features=4096, bias=False
  
    
  )
  
    
  )
  
    
  )
  
  
)",0.021366489359506247,4096,4096,1.0,3.218885809741192,7.971771888187171,-0.9651941448288845,True,299.8,LAYER_TYPE.DENSE,7.991835969669627,4.043,2.477,_orig_mod.base_model.model.model.layers.20.self_attn.k_proj,0,10990.0,4096,422,4096,1,0.10801367120631726,299.8,36.66,success,17.3125,,2,299.75,6.74609375
787,"Linear
  in_features=4096, out_features=4096, bias=False
  
    
  )
  
    
  )
  
    
  )
  
  
)",0.047487766042354884,4096,4096,1.0,7.84809918029997,9.020715561731508,-0.9925185419347814,True,14.11,LAYER_TYPE.DENSE,9.909485153686205,3.914,1.149,_orig_mod.base_model.model.model.layers.20.self_attn.v_proj,0,8190.0,4096,106,4096,1,0.665146191784573,14.11,580.5,success,3.755859375,under-trained,2,14.109375,7.91015625
796,Linear,0.048101355549407365,4096,4096,1.0,7.421579765013825,11.074388555606568,-0.9949295181500076,True,31.08,LAYER_TYPE.DENSE,11.084745052613131,3.904,1.492,_orig_mod.base_model.model.model.layers.20.self_attn.o_proj,0,8016.0,4096,195,4096,1,0.45985887845570467,31.08,258.0,success,5.57421875,under-trained,2,31.078125,6.37890625
799,Linear,0.010064758889923309,4096,11008,2.6875,3.804664346605632,8.753700391213739,-1.0085917167029559,True,199.5,LAYER_TYPE.DENSE,8.80765393696823,4.39,2.3,_orig_mod.base_model.model.model.layers.20.mlp.gate_proj,0,24560.0,4096,423,4096,1,0.13669097641593275,199.5,123.1,success,14.125,,0,199.5,12.0625
800,Linear,0.01445479784591508,4096,11008,2.6875,5.545496068862688,9.617969744433724,-1.0150209866102258,True,54.22,LAYER_TYPE.DENSE,10.015061358770271,4.355,1.734,_orig_mod.base_model.model.model.layers.20.mlp.up_proj,0,22700.0,4096,139,4096,1,0.3855439445513159,54.22,418.8,success,7.36328125,,0,54.21875,15.3671875
801,Linear,0.030458470257514914,4096,11008,2.6875,7.222342200969149,11.665775391018528,-1.0198429390406782,True,41.2,LAYER_TYPE.DENSE,11.955906938094824,4.344,1.615,_orig_mod.base_model.model.model.layers.20.mlp.down_proj,0,22160.0,4096,277,4096,1,0.3738643089916012,41.2,538.0,success,6.41796875,under-trained,0,41.1875,11.6328125
807,"Linear
  in_features=4096, out_features=4096, bias=False
  
    
  )
  
    
  )
  
    
  )
  
  
)",0.020674836642034844,4096,4096,1.0,2.8157191669280612,6.676334118458333,-0.9539429224911624,True,234.8,LAYER_TYPE.DENSE,6.798643311063816,4.0,2.371,_orig_mod.base_model.model.model.layers.21.self_attn.q_proj,0,9980.0,4096,499,4096,1,0.0812827531412187,234.8,42.53,success,15.3203125,,3,234.75,5.3125
816,"Linear
  in_features=4096, out_features=4096, bias=False
  
    
  )
  
    
  )
  
    
  )
  
  
)",0.026555277896557122,4096,4096,1.0,2.863561608283988,7.030267464087838,-0.9531392637527536,True,284.8,LAYER_TYPE.DENSE,7.1063059804948665,4.008,2.455,_orig_mod.base_model.model.model.layers.21.self_attn.k_proj,0,10200.0,4096,528,4096,1,0.08110110912477675,284.8,35.8,success,16.875,,2,284.75,5.2578125
825,"Linear
  in_features=4096, out_features=4096, bias=False
  
    
  )
  
    
  )
  
    
  )
  
  
)",0.05474810025707949,4096,4096,1.0,5.3211483281473,6.251309998790236,-0.9901075657195552,True,14.97,LAYER_TYPE.DENSE,7.652634122912268,3.92,1.175,_orig_mod.base_model.model.model.layers.21.self_attn.v_proj,0,8320.0,4096,203,4096,1,0.3032851563761073,14.97,556.0,success,3.869140625,,2,14.96875,7.00390625
834,Linear,0.061288477287888554,4096,4096,1.0,8.699276514053157,15.240724674034535,-0.996536835626825,True,56.5,LAYER_TYPE.DENSE,15.241556858277,3.91,1.752,_orig_mod.base_model.model.model.layers.21.self_attn.o_proj,0,8144.0,4096,164,4096,1,0.6012124885101373,56.5,144.1,success,7.515625,under-trained,2,56.5,6.5078125
837,Linear,0.009278158289475424,4096,11008,2.6875,3.786428519463959,8.763511319462483,-1.0085917167029559,True,206.0,LAYER_TYPE.DENSE,8.813790989310425,4.395,2.314,_orig_mod.base_model.model.model.layers.21.mlp.gate_proj,0,24820.0,4096,422,4096,1,0.13564121804735435,206.0,120.44,success,14.3515625,,0,206.0,12.15625
838,Linear,0.023213897886267376,4096,11008,2.6875,5.971149092913405,10.07631409429137,-1.0150209866102258,True,48.72,LAYER_TYPE.DENSE,10.551447442836704,4.355,1.6875,_orig_mod.base_model.model.model.layers.21.mlp.up_proj,0,22640.0,4096,58,4096,1,0.6527438546043046,48.72,464.8,success,6.98046875,,0,48.71875,18.734375
839,Linear,0.039527282379386075,4096,11008,2.6875,8.41961583384885,12.793869372528135,-1.0198429390406782,True,33.1,LAYER_TYPE.DENSE,13.088876690957404,4.348,1.52,_orig_mod.base_model.model.model.layers.21.mlp.down_proj,0,22190.0,4096,249,4096,1,0.4701990483485412,33.1,670.5,success,5.75390625,under-trained,0,33.09375,11.859375
845,"Linear
  in_features=4096, out_features=4096, bias=False
  
    
  )
  
    
  )
  
    
  )
  
  
)",0.013508097050867862,4096,4096,1.0,3.2667639343100228,7.758564343986304,-0.9684087797825195,True,236.9,LAYER_TYPE.DENSE,7.783261833776036,4.01,2.375,_orig_mod.base_model.model.model.layers.22.self_attn.q_proj,0,10310.0,4096,343,4096,1,0.12239374798111574,236.9,43.53,success,15.390625,,3,236.875,7.1171875
854,"Linear
  in_features=4096, out_features=4096, bias=False
  
    
  )
  
    
  )
  
    
  )
  
  
)",0.018779158394287454,4096,4096,1.0,3.554759058134882,8.630010760276676,-0.9700160972593369,True,267.8,LAYER_TYPE.DENSE,8.638272338937664,4.023,2.428,_orig_mod.base_model.model.model.layers.22.self_attn.k_proj,0,10536.0,4096,347,4096,1,0.13714665203575835,267.8,39.34,success,16.359375,,3,267.75,7.31640625
863,"Linear
  in_features=4096, out_features=4096, bias=False
  
    
  )
  
    
  )
  
    
  )
  
  
)",0.022850820821904372,4096,4096,1.0,7.098345931391925,9.122483638390403,-0.9933222006731901,True,19.28,LAYER_TYPE.DENSE,9.516594543765025,3.914,1.285,_orig_mod.base_model.model.model.layers.22.self_attn.v_proj,0,8190.0,4096,82,4096,1,0.6734496477359416,19.28,424.8,success,4.390625,under-trained,2,19.28125,8.1171875
872,Linear,0.021959680207622734,4096,4096,1.0,5.538723992222177,9.795536279213245,-0.9925185419347814,True,58.62,LAYER_TYPE.DENSE,9.796523056800476,3.912,1.769,_orig_mod.base_model.model.model.layers.22.self_attn.o_proj,0,8176.0,4096,180,4096,1,0.3382965125906005,58.62,139.5,success,7.65625,,2,58.625,6.66796875
875,Linear,0.014812549736296976,4096,11008,2.6875,3.8748474518378266,8.680566459488256,-1.0101990341797735,True,173.9,LAYER_TYPE.DENSE,8.748796721817936,4.395,2.24,_orig_mod.base_model.model.model.layers.22.mlp.gate_proj,0,24880.0,4096,434,4096,1,0.13799709366586976,173.9,143.1,success,13.1875,,0,173.875,12.1171875
876,Linear,0.031033845036943064,4096,11008,2.6875,6.526308193811239,10.579757423561189,-1.0158246453486346,True,41.75,LAYER_TYPE.DENSE,11.132362220326286,4.36,1.621,_orig_mod.base_model.model.model.layers.22.mlp.up_proj,0,22830.0,4096,93,4096,1,0.57305146471752,41.75,547.0,success,6.4609375,under-trained,0,41.75,16.828125
877,Linear,0.027917891701155217,4096,11008,2.6875,8.254478548866853,12.583243178497224,-1.0198429390406782,True,33.44,LAYER_TYPE.DENSE,12.849059377853989,4.35,1.524,_orig_mod.base_model.model.model.layers.22.mlp.down_proj,0,22400.0,4096,218,4096,1,0.49133528517558644,33.44,670.0,success,5.78125,under-trained,0,33.4375,12.390625
883,"Linear
  in_features=4096, out_features=4096, bias=False
  
    
  )
  
    
  )
  
    
  )
  
  
)",0.016466782675649383,4096,4096,1.0,2.710951844735929,6.464984770356581,-0.9499246287991188,True,242.0,LAYER_TYPE.DENSE,6.604839648388212,3.986,2.385,_orig_mod.base_model.model.model.layers.23.self_attn.q_proj,0,9680.0,4096,488,4096,1,0.07745115085299532,242.0,40.0,success,15.5546875,,2,242.0,5.15234375
892,"Linear
  in_features=4096, out_features=4096, bias=False
  
    
  )
  
    
  )
  
    
  )
  
  
)",0.026879479208193113,4096,4096,1.0,2.9686903028364187,7.2767701758978625,-0.9539429224911624,True,282.2,LAYER_TYPE.DENSE,7.3312488073976185,3.99,2.451,_orig_mod.base_model.model.model.layers.23.self_attn.k_proj,0,9784.0,4096,472,4096,1,0.09061631616468853,282.2,34.66,success,16.796875,,3,282.25,5.53125
901,"Linear
  in_features=4096, out_features=4096, bias=False
  
    
  )
  
    
  )
  
    
  )
  
  
)",0.06280267506734288,4096,4096,1.0,4.4147228582303235,5.371820977885726,-0.9893039069811465,True,16.47,LAYER_TYPE.DENSE,6.925064054141746,3.947,1.217,_orig_mod.base_model.model.model.layers.23.self_attn.v_proj,0,8870.0,4096,329,4096,1,0.1882597652320591,16.47,538.5,success,4.05859375,,2,16.46875,6.34765625
910,Linear,0.017571157157257045,4096,4096,1.0,6.174668487729269,11.143347036448915,-0.9941258594115988,True,63.75,LAYER_TYPE.DENSE,11.142662487523998,3.936,1.805,_orig_mod.base_model.model.model.layers.23.self_attn.o_proj,0,8640.0,4096,190,4096,1,0.3754099090040275,63.75,135.5,success,7.984375,under-trained,2,63.75,6.8203125
913,Linear,0.017941184609512828,4096,11008,2.6875,3.968920165144295,8.860304196796736,-1.0101990341797735,True,171.0,LAYER_TYPE.DENSE,8.920786681466089,4.4,2.232,_orig_mod.base_model.model.model.layers.23.mlp.gate_proj,0,24980.0,4096,411,4096,1,0.14644603190370734,171.0,146.0,success,13.078125,,0,171.0,12.4296875
914,Linear,0.027710716047449735,4096,11008,2.6875,7.12091566723615,11.3559133638639,-1.0158246453486346,True,39.34,LAYER_TYPE.DENSE,11.865602265540153,4.36,1.595,_orig_mod.base_model.model.model.layers.23.mlp.up_proj,0,22930.0,4096,76,4096,1,0.7021171798794003,39.34,583.0,success,6.2734375,under-trained,0,39.34375,17.40625
915,Linear,0.01739734287058381,4096,11008,2.6875,8.191541329967134,12.2873119949507,-1.0198429390406782,True,31.64,LAYER_TYPE.DENSE,12.638194048871195,4.35,1.5,_orig_mod.base_model.model.model.layers.23.mlp.down_proj,0,22540.0,4096,174,4096,1,0.5451893412564909,31.64,712.5,success,5.625,under-trained,0,31.640625,13.0859375
921,"Linear
  in_features=4096, out_features=4096, bias=False
  
    
  )
  
    
  )
  
    
  )
  
  
)",0.0313589787752554,4096,4096,1.0,3.052311312841863,7.195585458203376,-0.9619795098752497,True,227.9,LAYER_TYPE.DENSE,7.258416507327959,3.986,2.357,_orig_mod.base_model.model.model.layers.24.self_attn.q_proj,0,9700.0,4096,514,4096,1,0.09052357137428588,227.9,42.56,success,15.09375,,2,227.875,5.27734375
930,"Linear
  in_features=4096, out_features=4096, bias=False
  
    
  )
  
    
  )
  
    
  )
  
  
)",0.034397834581294306,4096,4096,1.0,3.1222577919407604,7.604405208105719,-0.9611758511368409,True,272.8,LAYER_TYPE.DENSE,7.638604988514543,3.992,2.436,_orig_mod.base_model.model.model.layers.24.self_attn.k_proj,0,9840.0,4096,498,4096,1,0.09510064564510066,272.8,36.06,success,16.515625,,3,272.75,5.4921875
939,"Linear
  in_features=4096, out_features=4096, bias=False
  
    
  )
  
    
  )
  
    
  )
  
  
)",0.06383476913748704,4096,4096,1.0,5.334042196476422,6.308129980403269,-0.9925185419347814,True,15.24,LAYER_TYPE.DENSE,7.766900285452709,3.959,1.183,_orig_mod.base_model.model.model.layers.24.self_attn.v_proj,0,9096.0,4096,239,4096,1,0.2803458843980137,15.24,597.0,success,3.904296875,,2,15.2421875,7.171875
948,Linear,0.03882184765164498,4096,4096,1.0,9.263889319727756,15.14428781369557,-0.9973404943652338,True,43.12,LAYER_TYPE.DENSE,15.143974200630373,3.947,1.635,_orig_mod.base_model.model.model.layers.24.self_attn.o_proj,0,8856.0,4096,121,4096,1,0.751262665429796,43.12,205.4,success,6.56640625,under-trained,2,43.125,7.4140625
951,Linear,0.021760350661567895,4096,11008,2.6875,4.113568420477526,9.038602486400814,-1.011806351656591,True,157.4,LAYER_TYPE.DENSE,9.088282678163365,4.4,2.197,_orig_mod.base_model.model.model.layers.24.mlp.gate_proj,0,25060.0,4096,419,4096,1,0.15210777102813572,157.4,159.2,success,12.546875,,0,157.375,12.390625
952,Linear,0.037865065436008094,4096,11008,2.6875,8.042321341816402,12.707496026424744,-1.017431962825452,True,38.03,LAYER_TYPE.DENSE,13.036174305781554,4.363,1.58,_orig_mod.base_model.model.model.layers.24.mlp.up_proj,0,23180.0,4096,76,4096,1,0.8078096593925645,38.03,609.5,success,6.16796875,under-trained,0,38.03125,17.203125
953,Linear,0.021788583160452568,4096,11008,2.6875,6.918025578047285,10.654029625566961,-1.0182356215638608,True,34.7,LAYER_TYPE.DENSE,11.127452692819725,4.355,1.54,_orig_mod.base_model.model.model.layers.24.mlp.down_proj,0,22770.0,4096,220,4096,1,0.3989932030773428,34.7,656.5,success,5.890625,under-trained,0,34.6875,12.890625
959,"Linear
  in_features=4096, out_features=4096, bias=False
  
    
  )
  
    
  )
  
    
  )
  
  
)",0.019416836693369577,4096,4096,1.0,3.811856956945377,9.023380140269134,-0.9756417084281981,True,232.8,LAYER_TYPE.DENSE,9.027596927046245,4.01,2.367,_orig_mod.base_model.model.model.layers.25.self_attn.q_proj,0,10260.0,4096,324,4096,1,0.15621427538585428,232.8,44.06,success,15.2578125,,3,232.75,7.25390625
968,"Linear
  in_features=4096, out_features=4096, bias=False
  
    
  )
  
    
  )
  
    
  )
  
  
)",0.026080191666371544,4096,4096,1.0,3.351889660418825,8.16368438777788,-0.9756417084281981,True,272.2,LAYER_TYPE.DENSE,8.170022504425356,4.023,2.436,_orig_mod.base_model.model.model.layers.25.self_attn.k_proj,0,10540.0,4096,42,4096,1,0.3629044533438314,272.2,38.72,success,16.5,,3,272.25,14.03125
977,"Linear
  in_features=4096, out_features=4096, bias=False
  
    
  )
  
    
  )
  
    
  )
  
  
)",0.038015938413320516,4096,4096,1.0,8.480224702613313,10.32699238687383,-0.9957331768884163,True,16.5,LAYER_TYPE.DENSE,10.848662433736772,3.96,1.218,_orig_mod.base_model.model.model.layers.25.self_attn.v_proj,0,9150.0,4096,135,4096,1,0.6437952377580154,16.5,554.5,success,4.0625,under-trained,2,16.5,7.80078125
986,Linear,0.028186835832846036,4096,4096,1.0,8.255572088165858,13.326621739978675,-0.9957331768884163,True,41.1,LAYER_TYPE.DENSE,13.322968116865429,3.953,1.614,_orig_mod.base_model.model.model.layers.25.self_attn.o_proj,0,8984.0,4096,124,4096,1,0.6515696081360334,41.1,218.6,success,6.41015625,under-trained,2,41.09375,7.76953125
989,Linear,0.019976026430961524,4096,11008,2.6875,4.2798863426450104,9.387328833574896,-1.0126100103949995,True,156.0,LAYER_TYPE.DENSE,9.422122907285944,4.402,2.193,_orig_mod.base_model.model.model.layers.25.mlp.gate_proj,0,25170.0,4096,433,4096,1,0.15762127865305695,156.0,161.4,success,12.4921875,,0,156.0,12.234375
990,Linear,0.021902307218603922,4096,11008,2.6875,7.927277684491909,13.176002557622294,-1.017431962825452,True,45.94,LAYER_TYPE.DENSE,13.253044878776336,4.367,1.662,_orig_mod.base_model.model.model.layers.25.mlp.up_proj,0,23360.0,4096,91,4096,1,0.7261760156414989,45.94,508.5,success,6.77734375,under-trained,0,45.9375,16.34375
991,Linear,0.023728816919457774,4096,11008,2.6875,5.775181913743504,8.81504817498154,-1.017431962825452,True,33.6,LAYER_TYPE.DENSE,9.786638980832986,4.36,1.526,_orig_mod.base_model.model.model.layers.25.mlp.down_proj,0,22910.0,4096,322,4096,1,0.2661104841613132,33.6,682.0,success,5.796875,,0,33.59375,12.0078125
997,"Linear
  in_features=4096, out_features=4096, bias=False
  
    
  )
  
    
  )
  
    
  )
  
  
)",0.016796371782856534,4096,4096,1.0,3.7650586122358236,8.780234341815573,-0.9764453671666068,True,215.2,LAYER_TYPE.DENSE,8.790991742557205,3.998,2.332,_orig_mod.base_model.model.model.layers.26.self_attn.q_proj,0,9960.0,4096,343,4096,1,0.14929913160190544,215.2,46.28,success,14.671875,,3,215.25,6.80859375
1006,"Linear
  in_features=4096, out_features=4096, bias=False
  
    
  )
  
    
  )
  
    
  )
  
  
)",0.026480203800741897,4096,4096,1.0,3.4108709530009755,8.147451514687877,-0.9764453671666068,True,244.6,LAYER_TYPE.DENSE,8.156905589126755,4.008,2.389,_orig_mod.base_model.model.model.layers.26.self_attn.k_proj,0,10220.0,4096,63,4096,1,0.30374118974808906,244.6,41.78,success,15.640625,,3,244.625,11.7890625
1015,"Linear
  in_features=4096, out_features=4096, bias=False
  
    
  )
  
    
  )
  
    
  )
  
  
)",0.027354662662926632,4096,4096,1.0,10.599521848990232,12.317803711228883,-0.996536835626825,True,14.52,LAYER_TYPE.DENSE,12.998710696090244,3.988,1.162,_orig_mod.base_model.model.model.layers.26.self_attn.v_proj,0,9710.0,4096,61,4096,1,1.229092826392374,14.52,668.5,success,3.810546875,under-trained,2,14.5234375,9.3046875
1024,Linear,0.03551262538818167,4096,4096,1.0,9.086072193526228,13.700093229301265,-0.996536835626825,True,32.22,LAYER_TYPE.DENSE,13.704189068163174,3.979,1.508,_orig_mod.base_model.model.model.layers.26.self_attn.o_proj,0,9530.0,4096,96,4096,1,0.8252812873936154,32.22,295.8,success,5.67578125,under-trained,3,32.21875,8.5703125
1027,Linear,0.02083583688849422,4096,11008,2.6875,4.566447188562478,9.890995961163648,-1.0134136691334084,True,146.9,LAYER_TYPE.DENSE,9.922225646742076,4.4,2.166,_orig_mod.base_model.model.model.layers.26.mlp.gate_proj,0,25140.0,4096,338,4096,1,0.1939891532135558,146.9,171.1,success,12.1171875,,0,146.875,13.2265625
1028,Linear,0.03027348035083821,4096,11008,2.6875,7.808420820740967,13.55035527193037,-1.0182356215638608,True,54.34,LAYER_TYPE.DENSE,13.568932858607047,4.375,1.735,_orig_mod.base_model.model.model.layers.26.mlp.up_proj,0,23700.0,4096,129,4096,1,0.5994480282267631,54.34,436.0,success,7.37109375,under-trained,0,54.34375,15.2734375
1029,Linear,0.023285558472755152,4096,11008,2.6875,5.072726608632911,7.965766002618867,-1.0166283040870432,True,37.22,LAYER_TYPE.DENSE,9.054390254884034,4.367,1.57,_orig_mod.base_model.model.model.layers.26.mlp.down_proj,0,23200.0,4096,378,4096,1,0.20947845306393592,37.22,623.5,success,6.1015625,,0,37.21875,11.65625
1035,"Linear
  in_features=4096, out_features=4096, bias=False
  
    
  )
  
    
  )
  
    
  )
  
  
)",0.02138024816344586,4096,4096,1.0,3.868866558731507,9.090325137019537,-0.9764453671666068,True,223.6,LAYER_TYPE.DENSE,9.09557167906573,3.998,2.35,_orig_mod.base_model.model.model.layers.27.self_attn.q_proj,0,9944.0,4096,327,4096,1,0.15864868321050765,223.6,44.47,success,14.953125,,3,223.625,6.97265625
1044,"Linear
  in_features=4096, out_features=4096, bias=False
  
    
  )
  
    
  )
  
    
  )
  
  
)",0.02966237383923831,4096,4096,1.0,4.098125553287009,9.82909800671181,-0.9772490259050155,True,250.5,LAYER_TYPE.DENSE,9.832460183154181,4.008,2.398,_orig_mod.base_model.model.model.layers.27.self_attn.k_proj,0,10160.0,4096,328,4096,1,0.1710653664104813,250.5,40.56,success,15.828125,,2,250.5,7.16015625
1053,"Linear
  in_features=4096, out_features=4096, bias=False
  
    
  )
  
    
  )
  
    
  )
  
  
)",0.042140733384624984,4096,4096,1.0,8.444719446695565,11.075447477453265,-0.9957331768884163,True,20.47,LAYER_TYPE.DENSE,11.354096887082907,4.004,1.312,_orig_mod.base_model.model.model.layers.27.self_attn.v_proj,0,10056.0,4096,126,4096,1,0.6632283216711445,20.47,491.2,success,4.5234375,under-trained,1,20.46875,8.6640625
1062,Linear,0.033978123400107085,4096,4096,1.0,7.160932731967736,12.937231986465148,-0.9941258594115988,True,64.1,LAYER_TYPE.DENSE,12.940272647186564,4.0,1.807,_orig_mod.base_model.model.model.layers.27.self_attn.o_proj,0,9980.0,4096,154,4096,1,0.4964621075235225,64.1,155.8,success,8.0078125,under-trained,2,64.125,8.4609375
1065,Linear,0.012326956144441792,4096,11008,2.6875,4.919719903162129,10.74266963229543,-1.0142173278718172,True,152.8,LAYER_TYPE.DENSE,10.76262845325087,4.4,2.184,_orig_mod.base_model.model.model.layers.27.mlp.gate_proj,0,25100.0,4096,283,4096,1,0.23300316289611778,152.8,164.4,success,12.359375,,0,152.75,13.7890625
1066,Linear,0.03784464805313775,4096,11008,2.6875,7.4492106269414124,14.170959278595578,-1.0182356215638608,True,79.9,LAYER_TYPE.DENSE,14.173304453732927,4.38,1.902,_orig_mod.base_model.model.model.layers.27.mlp.up_proj,0,23890.0,4096,184,4096,1,0.4754421152455962,79.9,299.0,success,8.9375,under-trained,0,79.875,14.1953125
1067,Linear,0.02008244604931697,4096,11008,2.6875,4.691446891714298,7.238755946199796,-1.0158246453486346,True,34.88,LAYER_TYPE.DENSE,8.62919859629682,4.367,1.543,_orig_mod.base_model.model.model.layers.27.mlp.down_proj,0,23400.0,4096,422,4096,1,0.17991011317510006,34.88,670.5,success,5.90625,,0,34.875,11.3515625
1073,"Linear
  in_features=4096, out_features=4096, bias=False
  
    
  )
  
    
  )
  
    
  )
  
  
)",0.02545743952928048,4096,4096,1.0,3.089713049878249,7.223411173250515,-0.9635868273520671,True,217.5,LAYER_TYPE.DENSE,7.287252360239751,3.98,2.338,_orig_mod.base_model.model.model.layers.28.self_attn.q_proj,0,9544.0,4096,480,4096,1,0.09538191467760293,217.5,43.88,success,14.75,,5,217.5,5.375
1082,"Linear
  in_features=4096, out_features=4096, bias=False
  
    
  )
  
    
  )
  
    
  )
  
  
)",0.03876217247983982,4096,4096,1.0,3.2496722574393395,7.844911933974656,-0.9651941448288845,True,259.5,LAYER_TYPE.DENSE,7.871899028366871,3.984,2.414,_orig_mod.base_model.model.model.layers.28.self_attn.k_proj,0,9660.0,4096,491,4096,1,0.10152628772675977,259.5,37.25,success,16.109375,,4,259.5,5.4765625
1091,"Linear
  in_features=4096, out_features=4096, bias=False
  
    
  )
  
    
  )
  
    
  )
  
  
)",0.036762285935077466,4096,4096,1.0,7.002839655832036,8.965549598433396,-0.9941258594115988,True,19.08,LAYER_TYPE.DENSE,9.756620248999162,4.008,1.28,_orig_mod.base_model.model.model.layers.28.self_attn.v_proj,0,10160.0,4096,125,4096,1,0.536910301138875,19.08,532.5,success,4.3671875,under-trained,2,19.078125,9.15625
1100,Linear,0.0500740308056401,4096,4096,1.0,8.02392677946515,13.313136326475869,-0.9933222006731901,True,45.62,LAYER_TYPE.DENSE,13.314580070208363,4.008,1.659,_orig_mod.base_model.model.model.layers.28.self_attn.o_proj,0,10216.0,4096,133,4096,1,0.6090516935681676,45.62,223.9,success,6.75390625,under-trained,3,45.625,9.0859375
1103,Linear,0.015362760722608115,4096,11008,2.6875,5.005740715389847,10.920727302911054,-1.0150209866102258,True,152.0,LAYER_TYPE.DENSE,10.962790306828266,4.395,2.182,_orig_mod.base_model.model.model.layers.28.mlp.gate_proj,0,24900.0,4096,328,4096,1,0.22118003013032417,152.0,163.8,success,12.328125,,0,152.0,13.015625
1104,Linear,0.03545398052542925,4096,11008,2.6875,6.770946706986228,14.004751099020343,-1.0182356215638608,True,117.06,LAYER_TYPE.DENSE,14.005670614839225,4.383,2.068,_orig_mod.base_model.model.model.layers.28.mlp.up_proj,0,24110.0,4096,235,4096,1,0.3764550545062434,117.06,206.0,success,10.8203125,under-trained,0,117.0625,13.5546875
1105,Linear,0.023559964089586494,4096,11008,2.6875,5.157398601783026,7.982887484205172,-1.0166283040870432,True,35.3,LAYER_TYPE.DENSE,9.176044305518287,4.37,1.548,_orig_mod.base_model.model.model.layers.28.mlp.down_proj,0,23540.0,4096,358,4096,1,0.21972534362604845,35.3,666.5,success,5.94140625,,0,35.3125,12.046875
1111,"Linear
  in_features=4096, out_features=4096, bias=False
  
    
  )
  
    
  )
  
    
  )
  
  
)",0.015031681303417588,4096,4096,1.0,3.1160962945794664,7.157283676612212,-0.9700160972593369,True,197.8,LAYER_TYPE.DENSE,7.216452342037704,3.97,2.297,_orig_mod.base_model.model.model.layers.29.self_attn.q_proj,0,9360.0,4096,96,4096,1,0.21597317367974558,197.8,47.34,success,14.0625,,3,197.75,10.4375
1120,"Linear
  in_features=4096, out_features=4096, bias=False
  
    
  )
  
    
  )
  
    
  )
  
  
)",0.019407773914478843,4096,4096,1.0,3.122898254962446,7.380286891610468,-0.9724270734745631,True,230.9,LAYER_TYPE.DENSE,7.410663671066185,3.98,2.363,_orig_mod.base_model.model.model.layers.29.self_attn.k_proj,0,9550.0,4096,67,4096,1,0.259353300233732,230.9,41.38,success,15.1953125,,2,230.875,11.3671875
1129,"Linear
  in_features=4096, out_features=4096, bias=False
  
    
  )
  
    
  )
  
    
  )
  
  
)",0.05442069881052913,4096,4096,1.0,9.076929033803756,13.588800985176912,-0.9957331768884163,True,31.42,LAYER_TYPE.DENSE,13.606600702596644,4.03,1.497,_orig_mod.base_model.model.model.layers.29.self_attn.v_proj,0,10776.0,4096,139,4096,1,0.685076179228309,31.42,343.0,success,5.60546875,under-trained,2,31.421875,9.0703125
1138,Linear,0.07269577006618566,4096,4096,1.0,7.94906317339457,14.027301908519519,-0.9949295181500076,True,58.2,LAYER_TYPE.DENSE,14.029879601005643,4.035,1.765,_orig_mod.base_model.model.model.layers.29.self_attn.o_proj,0,10824.0,4096,172,4096,1,0.5298610995468124,58.2,186.0,success,7.62890625,under-trained,2,58.1875,8.9453125
1141,Linear,0.024115057469875523,4096,11008,2.6875,4.857809379734899,10.749800834452424,-1.0142173278718172,True,163.1,LAYER_TYPE.DENSE,10.819285873954138,4.4,2.213,_orig_mod.base_model.model.model.layers.29.mlp.gate_proj,0,24980.0,4096,447,4096,1,0.1824681223752676,163.1,153.1,success,12.7734375,,0,163.125,11.84375
1142,Linear,0.04002905050645167,4096,11008,2.6875,5.894320047255333,13.34280651322057,-1.0166283040870432,True,183.5,LAYER_TYPE.DENSE,13.34306810005845,4.387,2.264,_orig_mod.base_model.model.model.layers.29.mlp.up_proj,0,24380.0,4096,348,4096,1,0.26236309360851756,183.5,132.9,success,13.546875,,0,183.5,12.4453125
1143,Linear,0.01761145664424968,4096,11008,2.6875,5.7802782169157965,9.528427373197133,-1.017431962825452,True,44.47,LAYER_TYPE.DENSE,10.054860107217268,4.37,1.648,_orig_mod.base_model.model.model.layers.29.mlp.down_proj,0,23550.0,4096,286,4096,1,0.2826637765938899,44.47,529.5,success,6.66796875,,0,44.46875,12.734375
1149,"Linear
  in_features=4096, out_features=4096, bias=False
  
    
  )
  
    
  )
  
    
  )
  
  
)",0.015224954955424752,4096,4096,1.0,3.1866482045522617,7.418915351223235,-0.9668014623057021,True,212.5,LAYER_TYPE.DENSE,7.47574838127425,3.979,2.328,_orig_mod.base_model.model.model.layers.30.self_attn.q_proj,0,9540.0,4096,419,4096,1,0.10682475523248915,212.5,44.88,success,14.578125,,3,212.5,5.75390625
1158,"Linear
  in_features=4096, out_features=4096, bias=False
  
    
  )
  
    
  )
  
    
  )
  
  
)",0.023421374646377724,4096,4096,1.0,3.488054050651411,8.393130059379958,-0.9700160972593369,True,255.0,LAYER_TYPE.DENSE,8.405776293406571,3.988,2.406,_orig_mod.base_model.model.model.layers.30.self_attn.k_proj,0,9736.0,4096,385,4096,1,0.12680297590594994,255.0,38.2,success,15.96875,,3,255.0,6.30078125
1167,"Linear
  in_features=4096, out_features=4096, bias=False
  
    
  )
  
    
  )
  
    
  )
  
  
)",0.046131212141949374,4096,4096,1.0,8.427705803342887,12.007834733473898,-0.9957331768884163,True,26.62,LAYER_TYPE.DENSE,12.07495562040586,4.02,1.425,_orig_mod.base_model.model.model.layers.30.self_attn.v_proj,0,10490.0,4096,148,4096,1,0.610553656035848,26.62,394.0,success,5.16015625,under-trained,2,26.625,8.734375
1176,Linear,0.03333087323284328,4096,4096,1.0,6.9764161585884,12.079283055837141,-0.9933222006731901,True,53.94,LAYER_TYPE.DENSE,12.087130658354074,4.03,1.731,_orig_mod.base_model.model.model.layers.30.self_attn.o_proj,0,10780.0,4096,173,4096,1,0.4543785065023536,53.94,199.9,success,7.34375,under-trained,2,53.9375,8.9453125
1179,Linear,0.029603792552339248,4096,11008,2.6875,3.4219569671700856,7.719453705237205,-1.0126100103949995,True,180.4,LAYER_TYPE.DENSE,7.963375412392951,4.402,2.256,_orig_mod.base_model.model.model.layers.30.mlp.gate_proj,0,25230.0,4096,60,4096,1,0.31267329996935883,180.4,139.9,success,13.4296875,,0,180.375,20.078125
1180,Linear,0.03881780550025704,4096,11008,2.6875,4.818755122683296,11.71748071824356,-1.0142173278718172,True,269.8,LAYER_TYPE.DENSE,11.716453319282364,4.395,2.432,_orig_mod.base_model.model.model.layers.30.mlp.up_proj,0,24770.0,4096,517,4096,1,0.16794865826322528,269.8,91.8,success,16.421875,,0,269.75,11.1171875
1181,Linear,0.035238576451459225,4096,11008,2.6875,5.636763421311311,16.833225139033193,-1.0021624467956862,True,967.0,LAYER_TYPE.DENSE,16.828142774513243,4.375,2.986,_orig_mod.base_model.model.model.layers.30.mlp.down_proj,0,23650.0,4096,373,4096,1,0.24008250941633022,967.0,24.45,success,31.09375,,0,967.0,11.5
1187,"Linear
  in_features=4096, out_features=4096, bias=False
  
    
  )
  
    
  )
  
    
  )
  
  
)",0.010079692621372427,4096,4096,1.0,2.6859945450501765,6.47366654021859,-0.9467099938454838,True,257.5,LAYER_TYPE.DENSE,6.658114155330329,3.994,2.41,_orig_mod.base_model.model.model.layers.31.self_attn.q_proj,0,9850.0,4096,445,4096,1,0.0799238064959786,257.5,38.25,success,16.046875,,7,257.5,5.3828125
1196,"Linear
  in_features=4096, out_features=4096, bias=False
  
    
  )
  
    
  )
  
    
  )
  
  
)",0.011562760141477058,4096,4096,1.0,2.8792544068244297,7.389336505014259,-0.9483173113223012,True,368.8,LAYER_TYPE.DENSE,7.4385337840281185,4.02,2.566,_orig_mod.base_model.model.model.layers.31.self_attn.k_proj,0,10420.0,4096,346,4096,1,0.1010293428098047,368.8,28.25,success,19.203125,,7,368.75,6.90234375
1205,"Linear
  in_features=4096, out_features=4096, bias=False
  
    
  )
  
    
  )
  
    
  )
  
  
)",0.033487504658305745,4096,4096,1.0,6.2080998544426045,8.94839393081766,-0.9933222006731901,True,27.64,LAYER_TYPE.DENSE,9.252937695121597,3.928,1.441,_orig_mod.base_model.model.model.layers.31.self_attn.v_proj,0,8460.0,4096,220,4096,1,0.3511300205560035,27.64,306.2,success,5.2578125,under-trained,3,27.640625,6.6484375
1214,Linear,0.048419876640678705,4096,4096,1.0,4.117207618356587,10.65488299672359,-0.9708197559977457,True,387.0,LAYER_TYPE.DENSE,10.654717084313404,3.951,2.588,_orig_mod.base_model.model.model.layers.31.self_attn.o_proj,0,8930.0,4096,462,4096,1,0.14502562347073134,387.0,23.06,success,19.671875,,3,387.0,5.16015625
1217,Linear,0.03613190310741188,4096,11008,2.6875,3.83516282733964,10.224604022106657,-1.0045734230109122,True,463.5,LAYER_TYPE.DENSE,10.265175875827063,4.438,2.666,_orig_mod.base_model.model.model.layers.31.mlp.gate_proj,0,27380.0,4096,729,4096,1,0.10500603064220888,463.5,59.06,success,21.53125,,0,463.5,10.3984375
1218,Linear,0.029607267482245403,4096,11008,2.6875,2.9281621739879786,7.6921447734645145,-1.0069843992261385,True,422.8,LAYER_TYPE.DENSE,7.775957084190547,4.426,2.627,_orig_mod.base_model.model.model.layers.31.mlp.up_proj,0,26750.0,4096,41,4096,1,0.3011283402430156,422.8,63.28,success,20.5625,,0,422.75,25.46875
1219,Linear,0.02962108327899171,4096,11008,2.6875,4.815959153590551,9.688355328512241,-1.0142173278718172,True,102.7,LAYER_TYPE.DENSE,9.857029117756158,4.38,2.012,_orig_mod.base_model.model.model.layers.31.mlp.down_proj,0,23890.0,4096,442,4096,1,0.18150666730378642,102.7,232.6,success,10.1328125,,0,102.6875,11.6171875
1224,Linear,0.033845637132304596,4096,32000,7.8125,4.353925429825805,14.660483283241579,-1.0029661055340948,True,2332.0,LAYER_TYPE.DENSE,14.667163157318498,4.75,3.367,_orig_mod.base_model.model.lm_head,0,56420.0,4096,943,4096,1,0.10921883909465291,2332.0,24.19,success,48.28125,,0,2332.0,16.734375
